metrics_version,corpus_hash,document_id,source_hash,candidate_hash,scorer_config,reference,bertscore_precision,bertscore_recall,bertscore_f1
1.0,7c0dee939979842cb9174c0c032b260421ed41056cded2c93436cfa37b819a2a,1,b9f97b264eb36725fbfd56f6fc1e531e2ea999878194898cfff444a9968d2d6b,27febbf80ee0ff5080ea4dc03bcc0fe4924eaca43d2bb379f40de2c3bd2e1b7d,"{""bert_score_version"": ""0.3.13"", ""device"": ""cpu"", ""idf"": false, ""lang"": ""pt"", ""metrics_version"": ""1.0"", ""model"": ""xlm-roberta-base"", ""num_layers"": 9, ""rescale_with_baseline"": false, ""torch_version"": ""2.2.2"", ""transformers_version"": ""4.44.2""}",natural,0.9551675319671631,0.9254521131515503,0.9400750398635864
1.0,7c0dee939979842cb9174c0c032b260421ed41056cded2c93436cfa37b819a2a,1,b9f97b264eb36725fbfd56f6fc1e531e2ea999878194898cfff444a9968d2d6b,63b7190364ba60fd2e06ff503d2a0b9d40725bb96378aef8133f9c964480c1cd,"{""bert_score_version"": ""0.3.13"", ""device"": ""cpu"", ""idf"": false, ""lang"": ""pt"", ""metrics_version"": ""1.0"", ""model"": ""xlm-roberta-base"", ""num_layers"": 9, ""rescale_with_baseline"": false, ""torch_version"": ""2.2.2"", ""transformers_version"": ""4.44.2""}",strong,0.9423690438270569,0.9060792922973633,0.9238680005073547
1.0,7c0dee939979842cb9174c0c032b260421ed41056cded2c93436cfa37b819a2a,2,0f0a9e6541014087afbb25e14a32d489cdb5a37eeee930e81673c42021608735,f630b9284c52308970dfb49ee9c10a56dcb9173af75258142e0919d5d757b6c6,"{""bert_score_version"": ""0.3.13"", ""device"": ""cpu"", ""idf"": false, ""lang"": ""pt"", ""metrics_version"": ""1.0"", ""model"": ""xlm-roberta-base"", ""num_layers"": 9, ""rescale_with_baseline"": false, ""torch_version"": ""2.2.2"", ""transformers_version"": ""4.44.2""}",natural,0.9201104044914246,0.9160382747650146,0.9180697798728943
1.0,7c0dee939979842cb9174c0c032b260421ed41056cded2c93436cfa37b819a2a,2,0f0a9e6541014087afbb25e14a32d489cdb5a37eeee930e81673c42021608735,2a511e773e8d5a569a84e6615df49cfe296a800f36ca0d3de1d9c84fe212f0c8,"{""bert_score_version"": ""0.3.13"", ""device"": ""cpu"", ""idf"": false, ""lang"": ""pt"", ""metrics_version"": ""1.0"", ""model"": ""xlm-roberta-base"", ""num_layers"": 9, ""rescale_with_baseline"": false, ""torch_version"": ""2.2.2"", ""transformers_version"": ""4.44.2""}",strong,0.9169804453849792,0.9109522104263306,0.9139564037322998
1.0,7c0dee939979842cb9174c0c032b260421ed41056cded2c93436cfa37b819a2a,3,1f674c40d956e46e36c47a09c0488b7658e14a9010112025313a27fe3ab32995,e7fbd94d22aa7517ac8f77c9550cbf387b33af8b8c4109fe359073c55fbd6e91,"{""bert_score_version"": ""0.3.13"", ""device"": ""cpu"", ""idf"": false, ""lang"": ""pt"", ""metrics_version"": ""1.0"", ""model"": ""xlm-roberta-base"", ""num_layers"": 9, ""rescale_with_baseline"": false, ""torch_version"": ""2.2.2"", ""transformers_version"": ""4.44.2""}",natural,0.9367578029632568,0.9281697273254395,0.9324439764022827
1.0,7c0dee939979842cb9174c0c032b260421ed41056cded2c93436cfa37b819a2a,3,1f674c40d956e46e36c47a09c0488b7658e14a9010112025313a27fe3ab32995,32fb8dfc0a4aba2cd72990b01a10035b6bbd60c3e700c910cc90aeff5a48d94f,"{""bert_score_version"": ""0.3.13"", ""device"": ""cpu"", ""idf"": false, ""lang"": ""pt"", ""metrics_version"": ""1.0"", ""model"": ""xlm-roberta-base"", ""num_layers"": 9, ""rescale_with_baseline"": false, ""torch_version"": ""2.2.2"", ""transformers_version"": ""4.44.2""}",strong,0.9254002571105957,0.9144312739372253,0.9198830723762512
1.0,7c0dee939979842cb9174c0c032b260421ed41056cded2c93436cfa37b819a2a,4,d9f1acafc4f1d4f07c2517d4920b0368dc88bd760aa9c2e08de0b4f6537557cf,681c1796f93ee4208f88477dddc39de331df6c461a9b6560fc5d1460f2434ae2,"{""bert_score_version"": ""0.3.13"", ""device"": ""cpu"", ""idf"": false, ""lang"": ""pt"", ""metrics_version"": ""1.0"", ""model"": ""xlm-roberta-base"", ""num_layers"": 9, ""rescale_with_baseline"": false, ""torch_version"": ""2.2.2"", ""transformers_version"": ""4.44.2""}",natural,0.9275171756744385,0.9161871671676636,0.9218173027038574
1.0,7c0dee939979842cb9174c0c032b260421ed41056cded2c93436cfa37b819a2a,4,d9f1acafc4f1d4f07c2517d4920b0368dc88bd760aa9c2e08de0b4f6537557cf,09817ae3ac4f2e0f4bbbd8641b2e607f54dbd2fdedca53f76f25f58ade54cc54,"{""bert_score_version"": ""0.3.13"", ""device"": ""cpu"", ""idf"": false, ""lang"": ""pt"", ""metrics_version"": ""1.0"", ""model"": ""xlm-roberta-base"", ""num_layers"": 9, ""rescale_with_baseline"": false, ""torch_version"": ""2.2.2"", ""transformers_version"": ""4.44.2""}",strong,0.920535147190094,0.9038421511650085,0.912112295627594
1.0,7c0dee939979842cb9174c0c032b260421ed41056cded2c93436cfa37b819a2a,5,2b120550f00ef9097f64eff2686ad34af128a9cc8877d784e4196c8e3526c0eb,d60e55a5cf240dea261e8a4bed7e79e6c37cad9d722314c2db20b5715bf21fe8,"{""bert_score_version"": ""0.3.13"", ""device"": ""cpu"", ""idf"": false, ""lang"": ""pt"", ""metrics_version"": ""1.0"", ""model"": ""xlm-roberta-base"", ""num_layers"": 9, ""rescale_with_baseline"": false, ""torch_version"": ""2.2.2"", ""transformers_version"": ""4.44.2""}",natural,0.9358928799629211,0.9299956560134888,0.9329348802566528
1.0,7c0dee939979842cb9174c0c032b260421ed41056cded2c93436cfa37b819a2a,5,2b120550f00ef9097f64eff2686ad34af128a9cc8877d784e4196c8e3526c0eb,8467445b7ca28219f07059da183c29658e13de01b9653f6ee96994290fc23c16,"{""bert_score_version"": ""0.3.13"", ""device"": ""cpu"", ""idf"": false, ""lang"": ""pt"", ""metrics_version"": ""1.0"", ""model"": ""xlm-roberta-base"", ""num_layers"": 9, ""rescale_with_baseline"": false, ""torch_version"": ""2.2.2"", ""transformers_version"": ""4.44.2""}",strong,0.9304572343826294,0.9221199154853821,0.9262697696685791
1.0,7c0dee939979842cb9174c0c032b260421ed41056cded2c93436cfa37b819a2a,6,2bfc6cbe5fe5d8899bf3d34e0ff2c6cbdbbeab043279fe62354f0f514e859217,327ceb7ea938e2f83c76e7d927660366132bcc0e74c5928a2f0623edfe477281,"{""bert_score_version"": ""0.3.13"", ""device"": ""cpu"", ""idf"": false, ""lang"": ""pt"", ""metrics_version"": ""1.0"", ""model"": ""xlm-roberta-base"", ""num_layers"": 9, ""rescale_with_baseline"": false, ""torch_version"": ""2.2.2"", ""transformers_version"": ""4.44.2""}",natural,0.9216884970664978,0.9138951301574707,0.9177752733230591
1.0,7c0dee939979842cb9174c0c032b260421ed41056cded2c93436cfa37b819a2a,6,2bfc6cbe5fe5d8899bf3d34e0ff2c6cbdbbeab043279fe62354f0f514e859217,d9da709568dcd42d0aaceb1ec1757f68213a8766f58bb0bd2c0d610b7e96ce7e,"{""bert_score_version"": ""0.3.13"", ""device"": ""cpu"", ""idf"": false, ""lang"": ""pt"", ""metrics_version"": ""1.0"", ""model"": ""xlm-roberta-base"", ""num_layers"": 9, ""rescale_with_baseline"": false, ""torch_version"": ""2.2.2"", ""transformers_version"": ""4.44.2""}",strong,0.917600691318512,0.9098990559577942,0.9137336015701294
1.0,7c0dee939979842cb9174c0c032b260421ed41056cded2c93436cfa37b819a2a,7,6c98462c4358e9952f98017fd88587e63bd94c14d446d1fd04d0d9b09c4c93e0,032b001baee8e3ed938634b418ea0fb29288b062c6e7ad16856b8df5c1bdecc6,"{""bert_score_version"": ""0.3.13"", ""device"": ""cpu"", ""idf"": false, ""lang"": ""pt"", ""metrics_version"": ""1.0"", ""model"": ""xlm-roberta-base"", ""num_layers"": 9, ""rescale_with_baseline"": false, ""torch_version"": ""2.2.2"", ""transformers_version"": ""4.44.2""}",natural,0.9190141558647156,0.9126381278038025,0.9158150553703308
1.0,7c0dee939979842cb9174c0c032b260421ed41056cded2c93436cfa37b819a2a,7,6c98462c4358e9952f98017fd88587e63bd94c14d446d1fd04d0d9b09c4c93e0,5a2e5b929e17e5c8edce4d05c1dfa980f8d6f880c06e12b5a00e0b145b14a11f,"{""bert_score_version"": ""0.3.13"", ""device"": ""cpu"", ""idf"": false, ""lang"": ""pt"", ""metrics_version"": ""1.0"", ""model"": ""xlm-roberta-base"", ""num_layers"": 9, ""rescale_with_baseline"": false, ""torch_version"": ""2.2.2"", ""transformers_version"": ""4.44.2""}",strong,0.9125069975852966,0.9035381078720093,0.9080004096031189
1.0,7c0dee939979842cb9174c0c032b260421ed41056cded2c93436cfa37b819a2a,9,33d511aa4112dabfea9b7b4d14e783e904eca92cc91d4b2b4d01b1da59ca73f9,28132ba6bc130aa10782733bd443991e3eec71b07652df4293fbcbe038ca92cb,"{""bert_score_version"": ""0.3.13"", ""device"": ""cpu"", ""idf"": false, ""lang"": ""pt"", ""metrics_version"": ""1.0"", ""model"": ""xlm-roberta-base"", ""num_layers"": 9, ""rescale_with_baseline"": false, ""torch_version"": ""2.2.2"", ""transformers_version"": ""4.44.2""}",natural,0.959890604019165,0.9395560026168823,0.9496144652366638
1.0,7c0dee939979842cb9174c0c032b260421ed41056cded2c93436cfa37b819a2a,9,33d511aa4112dabfea9b7b4d14e783e904eca92cc91d4b2b4d01b1da59ca73f9,6bb97e6dd1a37200e50404165d932d0a00676b44f03f07f20ebb739035e807eb,"{""bert_score_version"": ""0.3.13"", ""device"": ""cpu"", ""idf"": false, ""lang"": ""pt"", ""metrics_version"": ""1.0"", ""model"": ""xlm-roberta-base"", ""num_layers"": 9, ""rescale_with_baseline"": false, ""torch_version"": ""2.2.2"", ""transformers_version"": ""4.44.2""}",strong,0.9485934972763062,0.9203512668609619,0.9342589974403381
1.0,7c0dee939979842cb9174c0c032b260421ed41056cded2c93436cfa37b819a2a,10,0de04a5756de7631a68ed8d5b40eca94081b2fb1931ddb42dcef16203a47a6e9,301c515bb4eb5783ec35bf48c35b68b45ecdeaf4cff71adaae0dc37f81c3356e,"{""bert_score_version"": ""0.3.13"", ""device"": ""cpu"", ""idf"": false, ""lang"": ""pt"", ""metrics_version"": ""1.0"", ""model"": ""xlm-roberta-base"", ""num_layers"": 9, ""rescale_with_baseline"": false, ""torch_version"": ""2.2.2"", ""transformers_version"": ""4.44.2""}",natural,0.9488986134529114,0.9171754121780396,0.9327673316001892
1.0,7c0dee939979842cb9174c0c032b260421ed41056cded2c93436cfa37b819a2a,10,0de04a5756de7631a68ed8d5b40eca94081b2fb1931ddb42dcef16203a47a6e9,1c4f3249886944def6675ed9da607a73bb865c129628e19e45a482313a04f943,"{""bert_score_version"": ""0.3.13"", ""device"": ""cpu"", ""idf"": false, ""lang"": ""pt"", ""metrics_version"": ""1.0"", ""model"": ""xlm-roberta-base"", ""num_layers"": 9, ""rescale_with_baseline"": false, ""torch_version"": ""2.2.2"", ""transformers_version"": ""4.44.2""}",strong,0.9415063858032227,0.9094828367233276,0.9252176284790039
1.0,7c0dee939979842cb9174c0c032b260421ed41056cded2c93436cfa37b819a2a,12,453f55069097ba670259ba482aa90a13f1c2bd43483eac45652dc8b88b4b6b9e,4fe877327b5c9cbf38230de446d2038cc00a59b74834964cb9ef876a252e6bcd,"{""bert_score_version"": ""0.3.13"", ""device"": ""cpu"", ""idf"": false, ""lang"": ""pt"", ""metrics_version"": ""1.0"", ""model"": ""xlm-roberta-base"", ""num_layers"": 9, ""rescale_with_baseline"": false, ""torch_version"": ""2.2.2"", ""transformers_version"": ""4.44.2""}",natural,0.9288752675056458,0.9016788005828857,0.9150750041007996
1.0,7c0dee939979842cb9174c0c032b260421ed41056cded2c93436cfa37b819a2a,12,453f55069097ba670259ba482aa90a13f1c2bd43483eac45652dc8b88b4b6b9e,e47d37fa2a2a0b5f34abdd7929d5cc85141f60134dd4a238e8ed811315ca322b,"{""bert_score_version"": ""0.3.13"", ""device"": ""cpu"", ""idf"": false, ""lang"": ""pt"", ""metrics_version"": ""1.0"", ""model"": ""xlm-roberta-base"", ""num_layers"": 9, ""rescale_with_baseline"": false, ""torch_version"": ""2.2.2"", ""transformers_version"": ""4.44.2""}",strong,0.925599992275238,0.899986207485199,0.9126134514808655
1.0,7c0dee939979842cb9174c0c032b260421ed41056cded2c93436cfa37b819a2a,13,e1315c2b3133b7c5a7fb0573791cb50ac0066d85be4f728edf40b03dfe4915d7,9b3d3ba5c40f6a1475a5f89b70f25fd9e3299c965c3acd19f08943984ccefd59,"{""bert_score_version"": ""0.3.13"", ""device"": ""cpu"", ""idf"": false, ""lang"": ""pt"", ""metrics_version"": ""1.0"", ""model"": ""xlm-roberta-base"", ""num_layers"": 9, ""rescale_with_baseline"": false, ""torch_version"": ""2.2.2"", ""transformers_version"": ""4.44.2""}",natural,0.9292806386947632,0.9028329849243164,0.9158658981323242
1.0,7c0dee939979842cb9174c0c032b260421ed41056cded2c93436cfa37b819a2a,13,e1315c2b3133b7c5a7fb0573791cb50ac0066d85be4f728edf40b03dfe4915d7,98d6c3b03779219e4471177dd975e6e465869fe6c9b0dfab6accfb4242d62237,"{""bert_score_version"": ""0.3.13"", ""device"": ""cpu"", ""idf"": false, ""lang"": ""pt"", ""metrics_version"": ""1.0"", ""model"": ""xlm-roberta-base"", ""num_layers"": 9, ""rescale_with_baseline"": false, ""torch_version"": ""2.2.2"", ""transformers_version"": ""4.44.2""}",strong,0.9236663579940796,0.8963314294815063,0.9097936153411865
1.0,7c0dee939979842cb9174c0c032b260421ed41056cded2c93436cfa37b819a2a,14,7237188deb79711156423fa99c58d51a79b115b36719e74df41c9d6041655b12,0577a76dbd85063e064dc8a4427eadb4701dfcda9f6f779f4da4b07a6487c4a5,"{""bert_score_version"": ""0.3.13"", ""device"": ""cpu"", ""idf"": false, ""lang"": ""pt"", ""metrics_version"": ""1.0"", ""model"": ""xlm-roberta-base"", ""num_layers"": 9, ""rescale_with_baseline"": false, ""torch_version"": ""2.2.2"", ""transformers_version"": ""4.44.2""}",natural,0.9344139695167542,0.8721015453338623,0.9021831154823303
1.0,7c0dee939979842cb9174c0c032b260421ed41056cded2c93436cfa37b819a2a,14,7237188deb79711156423fa99c58d51a79b115b36719e74df41c9d6041655b12,3450d41a534631d5a9eb4df61df7e27a38626e46d0f382b4145f452070233e60,"{""bert_score_version"": ""0.3.13"", ""device"": ""cpu"", ""idf"": false, ""lang"": ""pt"", ""metrics_version"": ""1.0"", ""model"": ""xlm-roberta-base"", ""num_layers"": 9, ""rescale_with_baseline"": false, ""torch_version"": ""2.2.2"", ""transformers_version"": ""4.44.2""}",strong,0.9287756681442261,0.8667018413543701,0.8966657519340515
1.0,7c0dee939979842cb9174c0c032b260421ed41056cded2c93436cfa37b819a2a,15,2a5134cea088efa7a4782a3c5acce7bbac1bd4f1b6cc7141ec5fff1f1446afac,884c1f7b340b066844256f2e26d13977c6a5d7c3afabd098fa86e4321442fc94,"{""bert_score_version"": ""0.3.13"", ""device"": ""cpu"", ""idf"": false, ""lang"": ""pt"", ""metrics_version"": ""1.0"", ""model"": ""xlm-roberta-base"", ""num_layers"": 9, ""rescale_with_baseline"": false, ""torch_version"": ""2.2.2"", ""transformers_version"": ""4.44.2""}",natural,0.9465248584747314,0.9184790849685669,0.9322911500930786
1.0,7c0dee939979842cb9174c0c032b260421ed41056cded2c93436cfa37b819a2a,15,2a5134cea088efa7a4782a3c5acce7bbac1bd4f1b6cc7141ec5fff1f1446afac,0a58a0ff1b3936a9bd1a941b978bf57838f90d79c5bf18f2a32c8dce8e8f661a,"{""bert_score_version"": ""0.3.13"", ""device"": ""cpu"", ""idf"": false, ""lang"": ""pt"", ""metrics_version"": ""1.0"", ""model"": ""xlm-roberta-base"", ""num_layers"": 9, ""rescale_with_baseline"": false, ""torch_version"": ""2.2.2"", ""transformers_version"": ""4.44.2""}",strong,0.9447643160820007,0.9136738181114197,0.9289590120315552
1.0,7c0dee939979842cb9174c0c032b260421ed41056cded2c93436cfa37b819a2a,17,2afe32a86ec96fc15a98d4b96387d613c0e8b72f98e2606d3ea2545654dd5dd3,ededeafb519b9f8e8f15694e2db28d4d9b8db5a5256b031489a166a0a86cc130,"{""bert_score_version"": ""0.3.13"", ""device"": ""cpu"", ""idf"": false, ""lang"": ""pt"", ""metrics_version"": ""1.0"", ""model"": ""xlm-roberta-base"", ""num_layers"": 9, ""rescale_with_baseline"": false, ""torch_version"": ""2.2.2"", ""transformers_version"": ""4.44.2""}",natural,0.9027222990989685,0.8897297382354736,0.8961788415908813
1.0,7c0dee939979842cb9174c0c032b260421ed41056cded2c93436cfa37b819a2a,17,2afe32a86ec96fc15a98d4b96387d613c0e8b72f98e2606d3ea2545654dd5dd3,6704e2574c0bae60f8be5bd88f89da45aa61823bb5edd2ac17b70dfdd6677ec4,"{""bert_score_version"": ""0.3.13"", ""device"": ""cpu"", ""idf"": false, ""lang"": ""pt"", ""metrics_version"": ""1.0"", ""model"": ""xlm-roberta-base"", ""num_layers"": 9, ""rescale_with_baseline"": false, ""torch_version"": ""2.2.2"", ""transformers_version"": ""4.44.2""}",strong,0.899448812007904,0.8856852650642395,0.8925139307975769
1.0,7c0dee939979842cb9174c0c032b260421ed41056cded2c93436cfa37b819a2a,18,3288c61b9f17ea946e91de641c46b524d1a496819efd7d1398b24da20b4e9601,b4182e4e94467ecd4a50244cbc32caf0b3236af6e6fff9588a274bd81cb948bf,"{""bert_score_version"": ""0.3.13"", ""device"": ""cpu"", ""idf"": false, ""lang"": ""pt"", ""metrics_version"": ""1.0"", ""model"": ""xlm-roberta-base"", ""num_layers"": 9, ""rescale_with_baseline"": false, ""torch_version"": ""2.2.2"", ""transformers_version"": ""4.44.2""}",natural,0.9256184101104736,0.8903385400772095,0.9076357483863831
1.0,7c0dee939979842cb9174c0c032b260421ed41056cded2c93436cfa37b819a2a,18,3288c61b9f17ea946e91de641c46b524d1a496819efd7d1398b24da20b4e9601,89b8ea4c0d19f80418596f058f589e43eda844c86ca7d83753019c9e43c8cf0d,"{""bert_score_version"": ""0.3.13"", ""device"": ""cpu"", ""idf"": false, ""lang"": ""pt"", ""metrics_version"": ""1.0"", ""model"": ""xlm-roberta-base"", ""num_layers"": 9, ""rescale_with_baseline"": false, ""torch_version"": ""2.2.2"", ""transformers_version"": ""4.44.2""}",strong,0.9230387210845947,0.8835283517837524,0.9028515219688416
1.0,7c0dee939979842cb9174c0c032b260421ed41056cded2c93436cfa37b819a2a,19,7fc6af20b65299b38e271942cec694529dcadd268ffe89eaa1f80dcf2205a187,5b9f7ea52f1160a6d529fef4564dab737e9bb51c928616cbd8b7ccad9ae321d0,"{""bert_score_version"": ""0.3.13"", ""device"": ""cpu"", ""idf"": false, ""lang"": ""pt"", ""metrics_version"": ""1.0"", ""model"": ""xlm-roberta-base"", ""num_layers"": 9, ""rescale_with_baseline"": false, ""torch_version"": ""2.2.2"", ""transformers_version"": ""4.44.2""}",natural,0.9432933330535889,0.9131721258163452,0.9279883503913879
1.0,7c0dee939979842cb9174c0c032b260421ed41056cded2c93436cfa37b819a2a,19,7fc6af20b65299b38e271942cec694529dcadd268ffe89eaa1f80dcf2205a187,9b772d790ee77d9547af6bc349be91e25b8b11658ca6803da86fba0990a359bd,"{""bert_score_version"": ""0.3.13"", ""device"": ""cpu"", ""idf"": false, ""lang"": ""pt"", ""metrics_version"": ""1.0"", ""model"": ""xlm-roberta-base"", ""num_layers"": 9, ""rescale_with_baseline"": false, ""torch_version"": ""2.2.2"", ""transformers_version"": ""4.44.2""}",strong,0.9366744160652161,0.8989627361297607,0.9174312353134155
1.0,7c0dee939979842cb9174c0c032b260421ed41056cded2c93436cfa37b819a2a,20,27141601df07713368fd1be5d137c67fec5eb07e60eaa4fb8e766ddf1657c6d7,0b99af8c8bf94dd4855e06393d0bae27a6ed56724e78e2e0ce33003f98ae1a68,"{""bert_score_version"": ""0.3.13"", ""device"": ""cpu"", ""idf"": false, ""lang"": ""pt"", ""metrics_version"": ""1.0"", ""model"": ""xlm-roberta-base"", ""num_layers"": 9, ""rescale_with_baseline"": false, ""torch_version"": ""2.2.2"", ""transformers_version"": ""4.44.2""}",natural,0.9522266387939453,0.9088178873062134,0.930016040802002
1.0,7c0dee939979842cb9174c0c032b260421ed41056cded2c93436cfa37b819a2a,20,27141601df07713368fd1be5d137c67fec5eb07e60eaa4fb8e766ddf1657c6d7,41d95a067e7d29a2a208bf760a0963bd589e8df367ae7754dc27ac6a14c54231,"{""bert_score_version"": ""0.3.13"", ""device"": ""cpu"", ""idf"": false, ""lang"": ""pt"", ""metrics_version"": ""1.0"", ""model"": ""xlm-roberta-base"", ""num_layers"": 9, ""rescale_with_baseline"": false, ""torch_version"": ""2.2.2"", ""transformers_version"": ""4.44.2""}",strong,0.9463125467300415,0.8963691592216492,0.9206640720367432
1.0,7c0dee939979842cb9174c0c032b260421ed41056cded2c93436cfa37b819a2a,21,6b2af31dfa24163d474787bc2371214fae76247c2d2641a5386f3711d0143d6e,5ea761dece476e0a529294e656682399d551e62d05e6da3b33d5b174c9a01a67,"{""bert_score_version"": ""0.3.13"", ""device"": ""cpu"", ""idf"": false, ""lang"": ""pt"", ""metrics_version"": ""1.0"", ""model"": ""xlm-roberta-base"", ""num_layers"": 9, ""rescale_with_baseline"": false, ""torch_version"": ""2.2.2"", ""transformers_version"": ""4.44.2""}",natural,0.9054002165794373,0.8604569435119629,0.8823566436767578
1.0,7c0dee939979842cb9174c0c032b260421ed41056cded2c93436cfa37b819a2a,21,6b2af31dfa24163d474787bc2371214fae76247c2d2641a5386f3711d0143d6e,5ea761dece476e0a529294e656682399d551e62d05e6da3b33d5b174c9a01a67,"{""bert_score_version"": ""0.3.13"", ""device"": ""cpu"", ""idf"": false, ""lang"": ""pt"", ""metrics_version"": ""1.0"", ""model"": ""xlm-roberta-base"", ""num_layers"": 9, ""rescale_with_baseline"": false, ""torch_version"": ""2.2.2"", ""transformers_version"": ""4.44.2""}",strong,0.9054002165794373,0.8604569435119629,0.8823566436767578
1.0,7c0dee939979842cb9174c0c032b260421ed41056cded2c93436cfa37b819a2a,23,0d5d0fdf69f1b16289500ac620ac2af7381ff59c6ea4b3699692bd4db2facc11,cf3d3d407509d7a3c38f69192c24c3460347295bb9835e3ca8327fdfd1f46a94,"{""bert_score_version"": ""0.3.13"", ""device"": ""cpu"", ""idf"": false, ""lang"": ""pt"", ""metrics_version"": ""1.0"", ""model"": ""xlm-roberta-base"", ""num_layers"": 9, ""rescale_with_baseline"": false, ""torch_version"": ""2.2.2"", ""transformers_version"": ""4.44.2""}",natural,0.9476024508476257,0.9232991337776184,0.9352929592132568
1.0,7c0dee939979842cb9174c0c032b260421ed41056cded2c93436cfa37b819a2a,23,0d5d0fdf69f1b16289500ac620ac2af7381ff59c6ea4b3699692bd4db2facc11,2627620a37ceca5ddb388bb6fc276dfa37bdd4ce6cfff8b04561507965cdf392,"{""bert_score_version"": ""0.3.13"", ""device"": ""cpu"", ""idf"": false, ""lang"": ""pt"", ""metrics_version"": ""1.0"", ""model"": ""xlm-roberta-base"", ""num_layers"": 9, ""rescale_with_baseline"": false, ""torch_version"": ""2.2.2"", ""transformers_version"": ""4.44.2""}",strong,0.9394789934158325,0.9065044522285461,0.9226971864700317
1.0,7c0dee939979842cb9174c0c032b260421ed41056cded2c93436cfa37b819a2a,27,5bedc9e175e7a8b7a186fe2f992a14b2281e394c354e7135149ee20b8865c76a,6f40d278424704634d16fd3fa585a884ed23b532349b681c404149f42a46559d,"{""bert_score_version"": ""0.3.13"", ""device"": ""cpu"", ""idf"": false, ""lang"": ""pt"", ""metrics_version"": ""1.0"", ""model"": ""xlm-roberta-base"", ""num_layers"": 9, ""rescale_with_baseline"": false, ""torch_version"": ""2.2.2"", ""transformers_version"": ""4.44.2""}",natural,0.9460343718528748,0.9024209976196289,0.9237130880355835
1.0,7c0dee939979842cb9174c0c032b260421ed41056cded2c93436cfa37b819a2a,27,5bedc9e175e7a8b7a186fe2f992a14b2281e394c354e7135149ee20b8865c76a,08c8f821c65ddbf7caaedc7bcc6017038c41d365cc052fe2c18d37ef1ee02743,"{""bert_score_version"": ""0.3.13"", ""device"": ""cpu"", ""idf"": false, ""lang"": ""pt"", ""metrics_version"": ""1.0"", ""model"": ""xlm-roberta-base"", ""num_layers"": 9, ""rescale_with_baseline"": false, ""torch_version"": ""2.2.2"", ""transformers_version"": ""4.44.2""}",strong,0.9385972023010254,0.8927090167999268,0.9150782227516174
1.0,7c0dee939979842cb9174c0c032b260421ed41056cded2c93436cfa37b819a2a,28,a310f56f5f65b18f6d2539d329e4b3a28c1a56e46f800727b219f28524162c85,307db5228f44811847eedb2c0155294f55ffdc96d7f49e2299c67ba20a50e3e8,"{""bert_score_version"": ""0.3.13"", ""device"": ""cpu"", ""idf"": false, ""lang"": ""pt"", ""metrics_version"": ""1.0"", ""model"": ""xlm-roberta-base"", ""num_layers"": 9, ""rescale_with_baseline"": false, ""torch_version"": ""2.2.2"", ""transformers_version"": ""4.44.2""}",natural,0.9190673828125,0.909179151058197,0.9140965342521667
1.0,7c0dee939979842cb9174c0c032b260421ed41056cded2c93436cfa37b819a2a,28,a310f56f5f65b18f6d2539d329e4b3a28c1a56e46f800727b219f28524162c85,4a49f75f7c10809c0020303ac9e0ccf84c15e1b80f45422ed33d9803507958cb,"{""bert_score_version"": ""0.3.13"", ""device"": ""cpu"", ""idf"": false, ""lang"": ""pt"", ""metrics_version"": ""1.0"", ""model"": ""xlm-roberta-base"", ""num_layers"": 9, ""rescale_with_baseline"": false, ""torch_version"": ""2.2.2"", ""transformers_version"": ""4.44.2""}",strong,0.9117075800895691,0.8995586633682251,0.9055924415588379
1.0,7c0dee939979842cb9174c0c032b260421ed41056cded2c93436cfa37b819a2a,29,3331199055db80ad2401b95320960c6b7c492a5befe84eb0754a673801881107,79aa92b93ef22adc3d67ed6522651cb4accb1d956594a662111ca0a78b2e93ec,"{""bert_score_version"": ""0.3.13"", ""device"": ""cpu"", ""idf"": false, ""lang"": ""pt"", ""metrics_version"": ""1.0"", ""model"": ""xlm-roberta-base"", ""num_layers"": 9, ""rescale_with_baseline"": false, ""torch_version"": ""2.2.2"", ""transformers_version"": ""4.44.2""}",natural,0.910420835018158,0.8900994062423706,0.9001454710960388
1.0,7c0dee939979842cb9174c0c032b260421ed41056cded2c93436cfa37b819a2a,29,3331199055db80ad2401b95320960c6b7c492a5befe84eb0754a673801881107,b13f674012f0967d7f420dbc544cefc6597e3c2a3198606c05dd5c50bb88eb8f,"{""bert_score_version"": ""0.3.13"", ""device"": ""cpu"", ""idf"": false, ""lang"": ""pt"", ""metrics_version"": ""1.0"", ""model"": ""xlm-roberta-base"", ""num_layers"": 9, ""rescale_with_baseline"": false, ""torch_version"": ""2.2.2"", ""transformers_version"": ""4.44.2""}",strong,0.9024634957313538,0.8787392973899841,0.8904433846473694
1.0,7c0dee939979842cb9174c0c032b260421ed41056cded2c93436cfa37b819a2a,30,cd0c7e50b27d25fff20915714c3ab087cc1fab780b90a24d7b95723dddf2a2c6,02fa3c463c98be164918fac9d7f610dc7c76f0383d391486ecfc0204d971dbe8,"{""bert_score_version"": ""0.3.13"", ""device"": ""cpu"", ""idf"": false, ""lang"": ""pt"", ""metrics_version"": ""1.0"", ""model"": ""xlm-roberta-base"", ""num_layers"": 9, ""rescale_with_baseline"": false, ""torch_version"": ""2.2.2"", ""transformers_version"": ""4.44.2""}",natural,0.9132953882217407,0.902796745300293,0.9080157279968262
1.0,7c0dee939979842cb9174c0c032b260421ed41056cded2c93436cfa37b819a2a,30,cd0c7e50b27d25fff20915714c3ab087cc1fab780b90a24d7b95723dddf2a2c6,bfcd33adca71bd0208463b2de0a9bee2e51387802a6669be98970f50507734d8,"{""bert_score_version"": ""0.3.13"", ""device"": ""cpu"", ""idf"": false, ""lang"": ""pt"", ""metrics_version"": ""1.0"", ""model"": ""xlm-roberta-base"", ""num_layers"": 9, ""rescale_with_baseline"": false, ""torch_version"": ""2.2.2"", ""transformers_version"": ""4.44.2""}",strong,0.9115679264068604,0.9004402756690979,0.9059699773788452
1.0,7c0dee939979842cb9174c0c032b260421ed41056cded2c93436cfa37b819a2a,31,a2a38926c50c0da4b1423acda79f80bff12488ed57cb548e7050ad782f0c2b59,b9c7afb70ab2a93ead7620f810c33fb5b63f0f8f1eae6e4e7ca36a6fa01c84d0,"{""bert_score_version"": ""0.3.13"", ""device"": ""cpu"", ""idf"": false, ""lang"": ""pt"", ""metrics_version"": ""1.0"", ""model"": ""xlm-roberta-base"", ""num_layers"": 9, ""rescale_with_baseline"": false, ""torch_version"": ""2.2.2"", ""transformers_version"": ""4.44.2""}",natural,0.9411324262619019,0.9142881631851196,0.9275161027908325
1.0,7c0dee939979842cb9174c0c032b260421ed41056cded2c93436cfa37b819a2a,31,a2a38926c50c0da4b1423acda79f80bff12488ed57cb548e7050ad782f0c2b59,ebbecaa0b5441b1cc209e81661b8ab9ddd66c7c8442f7a944cb2564023be491f,"{""bert_score_version"": ""0.3.13"", ""device"": ""cpu"", ""idf"": false, ""lang"": ""pt"", ""metrics_version"": ""1.0"", ""model"": ""xlm-roberta-base"", ""num_layers"": 9, ""rescale_with_baseline"": false, ""torch_version"": ""2.2.2"", ""transformers_version"": ""4.44.2""}",strong,0.9381568431854248,0.9072868824005127,0.9224636554718018
1.0,7c0dee939979842cb9174c0c032b260421ed41056cded2c93436cfa37b819a2a,33,96f9f88ad6aa65ea22d82f3c950c5fc2470836e2bf1523b803467b1d15462f37,404971e66d3740c45af73a78f5d70c95fb36de2e3a3302f544b6bcfb2863206b,"{""bert_score_version"": ""0.3.13"", ""device"": ""cpu"", ""idf"": false, ""lang"": ""pt"", ""metrics_version"": ""1.0"", ""model"": ""xlm-roberta-base"", ""num_layers"": 9, ""rescale_with_baseline"": false, ""torch_version"": ""2.2.2"", ""transformers_version"": ""4.44.2""}",natural,0.9499960541725159,0.919416606426239,0.9344562292098999
1.0,7c0dee939979842cb9174c0c032b260421ed41056cded2c93436cfa37b819a2a,33,96f9f88ad6aa65ea22d82f3c950c5fc2470836e2bf1523b803467b1d15462f37,77bdf633dc73aad67a5371e52c360cee3a6bf14e50fe3616afedeb027c4a20a7,"{""bert_score_version"": ""0.3.13"", ""device"": ""cpu"", ""idf"": false, ""lang"": ""pt"", ""metrics_version"": ""1.0"", ""model"": ""xlm-roberta-base"", ""num_layers"": 9, ""rescale_with_baseline"": false, ""torch_version"": ""2.2.2"", ""transformers_version"": ""4.44.2""}",strong,0.9433268308639526,0.9138673543930054,0.9283634424209595
1.0,7c0dee939979842cb9174c0c032b260421ed41056cded2c93436cfa37b819a2a,34,890f5893a91e09ea34bb3f6b5d6b598cdb394d49f251a8f52ecd3d7838bbadfa,5c10051779fbba241891441fa8bd55348c8716b51f511f37fa01fb0e73050bee,"{""bert_score_version"": ""0.3.13"", ""device"": ""cpu"", ""idf"": false, ""lang"": ""pt"", ""metrics_version"": ""1.0"", ""model"": ""xlm-roberta-base"", ""num_layers"": 9, ""rescale_with_baseline"": false, ""torch_version"": ""2.2.2"", ""transformers_version"": ""4.44.2""}",natural,0.9449137449264526,0.9201902747154236,0.932388186454773
1.0,7c0dee939979842cb9174c0c032b260421ed41056cded2c93436cfa37b819a2a,34,890f5893a91e09ea34bb3f6b5d6b598cdb394d49f251a8f52ecd3d7838bbadfa,6c926ac70b214f9a7d6bb350894366628318a6ba8e63f28e238394ab5e28de4a,"{""bert_score_version"": ""0.3.13"", ""device"": ""cpu"", ""idf"": false, ""lang"": ""pt"", ""metrics_version"": ""1.0"", ""model"": ""xlm-roberta-base"", ""num_layers"": 9, ""rescale_with_baseline"": false, ""torch_version"": ""2.2.2"", ""transformers_version"": ""4.44.2""}",strong,0.9324995279312134,0.9025314450263977,0.9172707200050354
1.0,7c0dee939979842cb9174c0c032b260421ed41056cded2c93436cfa37b819a2a,35,79cd51c6efef2ae5ebac28e0bc1f9746b76559e464858c192bcc7fc41ac23124,1e0728f6aa7f5a59e9411740a8cc88402a2f011b3ab20babfb51719d1061f290,"{""bert_score_version"": ""0.3.13"", ""device"": ""cpu"", ""idf"": false, ""lang"": ""pt"", ""metrics_version"": ""1.0"", ""model"": ""xlm-roberta-base"", ""num_layers"": 9, ""rescale_with_baseline"": false, ""torch_version"": ""2.2.2"", ""transformers_version"": ""4.44.2""}",natural,0.9416939616203308,0.9085050821304321,0.9248018860816956
1.0,7c0dee939979842cb9174c0c032b260421ed41056cded2c93436cfa37b819a2a,35,79cd51c6efef2ae5ebac28e0bc1f9746b76559e464858c192bcc7fc41ac23124,f40802b699974147d3fc0ceec24329b981351db4198ad2421e3b7335b83c6ea1,"{""bert_score_version"": ""0.3.13"", ""device"": ""cpu"", ""idf"": false, ""lang"": ""pt"", ""metrics_version"": ""1.0"", ""model"": ""xlm-roberta-base"", ""num_layers"": 9, ""rescale_with_baseline"": false, ""torch_version"": ""2.2.2"", ""transformers_version"": ""4.44.2""}",strong,0.9385653138160706,0.9053719639778137,0.9216698408126831
1.0,7c0dee939979842cb9174c0c032b260421ed41056cded2c93436cfa37b819a2a,36,ad9e89f6bd65f0b82b90dfb1396f5ecaf3442395e8d72bce7972c34e93556860,5c4e3cf72e65513d586907e2ddde3f4211ea2cdd6baf58992932a666dabe6ce3,"{""bert_score_version"": ""0.3.13"", ""device"": ""cpu"", ""idf"": false, ""lang"": ""pt"", ""metrics_version"": ""1.0"", ""model"": ""xlm-roberta-base"", ""num_layers"": 9, ""rescale_with_baseline"": false, ""torch_version"": ""2.2.2"", ""transformers_version"": ""4.44.2""}",natural,0.9483340382575989,0.9440876841545105,0.9462060928344727
1.0,7c0dee939979842cb9174c0c032b260421ed41056cded2c93436cfa37b819a2a,36,ad9e89f6bd65f0b82b90dfb1396f5ecaf3442395e8d72bce7972c34e93556860,fbad68f3635df5002326b61496119951a88e8f453df51ad270b361d4d25c81c3,"{""bert_score_version"": ""0.3.13"", ""device"": ""cpu"", ""idf"": false, ""lang"": ""pt"", ""metrics_version"": ""1.0"", ""model"": ""xlm-roberta-base"", ""num_layers"": 9, ""rescale_with_baseline"": false, ""torch_version"": ""2.2.2"", ""transformers_version"": ""4.44.2""}",strong,0.923832356929779,0.9192050099372864,0.9215128421783447
1.0,7c0dee939979842cb9174c0c032b260421ed41056cded2c93436cfa37b819a2a,37,41774c6cdb505deb9f8e85943027d587c36e4613ba443bf174ea80c21ff09d36,d9a4a1efcbda6a46c24664b32f0ec362b6b12817c0b9bbce94db072ec983fabd,"{""bert_score_version"": ""0.3.13"", ""device"": ""cpu"", ""idf"": false, ""lang"": ""pt"", ""metrics_version"": ""1.0"", ""model"": ""xlm-roberta-base"", ""num_layers"": 9, ""rescale_with_baseline"": false, ""torch_version"": ""2.2.2"", ""transformers_version"": ""4.44.2""}",natural,0.946675717830658,0.9175410866737366,0.9318807125091553
1.0,7c0dee939979842cb9174c0c032b260421ed41056cded2c93436cfa37b819a2a,37,41774c6cdb505deb9f8e85943027d587c36e4613ba443bf174ea80c21ff09d36,82ed5665693441be1493631d16d7f3ff9595378a7b3b65bb63c6182c49462751,"{""bert_score_version"": ""0.3.13"", ""device"": ""cpu"", ""idf"": false, ""lang"": ""pt"", ""metrics_version"": ""1.0"", ""model"": ""xlm-roberta-base"", ""num_layers"": 9, ""rescale_with_baseline"": false, ""torch_version"": ""2.2.2"", ""transformers_version"": ""4.44.2""}",strong,0.9419763088226318,0.91335129737854,0.9274429678916931
1.0,7c0dee939979842cb9174c0c032b260421ed41056cded2c93436cfa37b819a2a,38,2cf6ab1927646772d7933d1c61bacecc433d6425e2f172d8abda2b585e1e53ea,9a63de02f27cda9e7f0fb9d74d5fcf29233e02d035a8844d54d43b97896721dd,"{""bert_score_version"": ""0.3.13"", ""device"": ""cpu"", ""idf"": false, ""lang"": ""pt"", ""metrics_version"": ""1.0"", ""model"": ""xlm-roberta-base"", ""num_layers"": 9, ""rescale_with_baseline"": false, ""torch_version"": ""2.2.2"", ""transformers_version"": ""4.44.2""}",natural,0.9326488971710205,0.8962798714637756,0.9141027927398682
1.0,7c0dee939979842cb9174c0c032b260421ed41056cded2c93436cfa37b819a2a,38,2cf6ab1927646772d7933d1c61bacecc433d6425e2f172d8abda2b585e1e53ea,457886e554bd0a5cf8abdf6d0b6b3468459129762fc76d882ec175fa083c7227,"{""bert_score_version"": ""0.3.13"", ""device"": ""cpu"", ""idf"": false, ""lang"": ""pt"", ""metrics_version"": ""1.0"", ""model"": ""xlm-roberta-base"", ""num_layers"": 9, ""rescale_with_baseline"": false, ""torch_version"": ""2.2.2"", ""transformers_version"": ""4.44.2""}",strong,0.9315178394317627,0.8930912017822266,0.9118999242782593
1.0,7c0dee939979842cb9174c0c032b260421ed41056cded2c93436cfa37b819a2a,39,43f6f43084d0a7ae0edee44d82a5bb8a84ef7bdf62706c137eaa6f0c87720126,dc346ef6a0428e11b335a51faec5195d77a983bd7b264c4ab9f5a54361ce4b85,"{""bert_score_version"": ""0.3.13"", ""device"": ""cpu"", ""idf"": false, ""lang"": ""pt"", ""metrics_version"": ""1.0"", ""model"": ""xlm-roberta-base"", ""num_layers"": 9, ""rescale_with_baseline"": false, ""torch_version"": ""2.2.2"", ""transformers_version"": ""4.44.2""}",natural,0.9102923274040222,0.8859518766403198,0.8979572653770447
1.0,7c0dee939979842cb9174c0c032b260421ed41056cded2c93436cfa37b819a2a,39,43f6f43084d0a7ae0edee44d82a5bb8a84ef7bdf62706c137eaa6f0c87720126,3f5e6868f6dc4fe3b16f304d359fc940cd71617d792322c892e85e9fb2a30c40,"{""bert_score_version"": ""0.3.13"", ""device"": ""cpu"", ""idf"": false, ""lang"": ""pt"", ""metrics_version"": ""1.0"", ""model"": ""xlm-roberta-base"", ""num_layers"": 9, ""rescale_with_baseline"": false, ""torch_version"": ""2.2.2"", ""transformers_version"": ""4.44.2""}",strong,0.9086995124816895,0.885073184967041,0.8967307209968567
1.0,7c0dee939979842cb9174c0c032b260421ed41056cded2c93436cfa37b819a2a,40,32a42becd35bcfc86148680d81b525dd65d903330943a8748591cd9e68b77401,1726dbf644616f5edb40c3d391a50f64fdff2d68202b49c0ef4fe9bb38f607f5,"{""bert_score_version"": ""0.3.13"", ""device"": ""cpu"", ""idf"": false, ""lang"": ""pt"", ""metrics_version"": ""1.0"", ""model"": ""xlm-roberta-base"", ""num_layers"": 9, ""rescale_with_baseline"": false, ""torch_version"": ""2.2.2"", ""transformers_version"": ""4.44.2""}",natural,0.9232572317123413,0.9018341898918152,0.9124199748039246
1.0,7c0dee939979842cb9174c0c032b260421ed41056cded2c93436cfa37b819a2a,40,32a42becd35bcfc86148680d81b525dd65d903330943a8748591cd9e68b77401,39ae093bd542d3ce3ff3dae77c6a51ba4fb55f4f0dd4c4d0f0af6562de893932,"{""bert_score_version"": ""0.3.13"", ""device"": ""cpu"", ""idf"": false, ""lang"": ""pt"", ""metrics_version"": ""1.0"", ""model"": ""xlm-roberta-base"", ""num_layers"": 9, ""rescale_with_baseline"": false, ""torch_version"": ""2.2.2"", ""transformers_version"": ""4.44.2""}",strong,0.9206995368003845,0.8967464566230774,0.9085651636123657
1.0,7c0dee939979842cb9174c0c032b260421ed41056cded2c93436cfa37b819a2a,41,3b2d2c2df671feb661d18fa5e3f992f0011ba38ac747c77c88799dc6a67191ab,16ef843885e570960ed9cee6d2bd165cf1eabd1fe6049f4ad4024a6b4360055d,"{""bert_score_version"": ""0.3.13"", ""device"": ""cpu"", ""idf"": false, ""lang"": ""pt"", ""metrics_version"": ""1.0"", ""model"": ""xlm-roberta-base"", ""num_layers"": 9, ""rescale_with_baseline"": false, ""torch_version"": ""2.2.2"", ""transformers_version"": ""4.44.2""}",natural,0.9436978101730347,0.9113286733627319,0.9272307753562927
1.0,7c0dee939979842cb9174c0c032b260421ed41056cded2c93436cfa37b819a2a,41,3b2d2c2df671feb661d18fa5e3f992f0011ba38ac747c77c88799dc6a67191ab,090bae9b49bdb3770ba5c2c0b38c9bbbb8087a04cc103f0f670f5235e167be11,"{""bert_score_version"": ""0.3.13"", ""device"": ""cpu"", ""idf"": false, ""lang"": ""pt"", ""metrics_version"": ""1.0"", ""model"": ""xlm-roberta-base"", ""num_layers"": 9, ""rescale_with_baseline"": false, ""torch_version"": ""2.2.2"", ""transformers_version"": ""4.44.2""}",strong,0.942634105682373,0.9123976230621338,0.927269458770752
1.0,7c0dee939979842cb9174c0c032b260421ed41056cded2c93436cfa37b819a2a,42,cf9c47ace80168467d195392cf942ceba9aef76971254a5c7031b535d3367557,b295c56c7f0bb33e2d3145c5b9b9ce70df1f62950c4bc9840132197740537f5d,"{""bert_score_version"": ""0.3.13"", ""device"": ""cpu"", ""idf"": false, ""lang"": ""pt"", ""metrics_version"": ""1.0"", ""model"": ""xlm-roberta-base"", ""num_layers"": 9, ""rescale_with_baseline"": false, ""torch_version"": ""2.2.2"", ""transformers_version"": ""4.44.2""}",natural,0.9246546030044556,0.9062373638153076,0.9153533577919006
1.0,7c0dee939979842cb9174c0c032b260421ed41056cded2c93436cfa37b819a2a,42,cf9c47ace80168467d195392cf942ceba9aef76971254a5c7031b535d3367557,d3036eaff99245022d38d4f7edb12c7b387a61116a6f2f2124153f38fff6a590,"{""bert_score_version"": ""0.3.13"", ""device"": ""cpu"", ""idf"": false, ""lang"": ""pt"", ""metrics_version"": ""1.0"", ""model"": ""xlm-roberta-base"", ""num_layers"": 9, ""rescale_with_baseline"": false, ""torch_version"": ""2.2.2"", ""transformers_version"": ""4.44.2""}",strong,0.9204767942428589,0.8910284042358398,0.9055132865905762
1.0,7c0dee939979842cb9174c0c032b260421ed41056cded2c93436cfa37b819a2a,43,8474e442f32dc328649f1e7ae75ae7f922b4b8ca476447005ccd21bffbcf1767,ccd3e4a6cdd972f9db5e270caa1361b433483d0b4f256f22c243af0caa277596,"{""bert_score_version"": ""0.3.13"", ""device"": ""cpu"", ""idf"": false, ""lang"": ""pt"", ""metrics_version"": ""1.0"", ""model"": ""xlm-roberta-base"", ""num_layers"": 9, ""rescale_with_baseline"": false, ""torch_version"": ""2.2.2"", ""transformers_version"": ""4.44.2""}",natural,0.9215075373649597,0.9127947688102722,0.9171304702758789
1.0,7c0dee939979842cb9174c0c032b260421ed41056cded2c93436cfa37b819a2a,43,8474e442f32dc328649f1e7ae75ae7f922b4b8ca476447005ccd21bffbcf1767,b19e6bab891de4530235bea078afc6efaf7873e69aa14413474f3289b7623a42,"{""bert_score_version"": ""0.3.13"", ""device"": ""cpu"", ""idf"": false, ""lang"": ""pt"", ""metrics_version"": ""1.0"", ""model"": ""xlm-roberta-base"", ""num_layers"": 9, ""rescale_with_baseline"": false, ""torch_version"": ""2.2.2"", ""transformers_version"": ""4.44.2""}",strong,0.9217774868011475,0.9109277725219727,0.9163205027580261
1.0,7c0dee939979842cb9174c0c032b260421ed41056cded2c93436cfa37b819a2a,44,a9c7ddbc922d0ebc9f1680bceb3e61c32674e771d89f7632611eb92313781116,8b765cad1980eae6050c0c10cda6fe1b363dc33cc2a997bff6de9bec39637018,"{""bert_score_version"": ""0.3.13"", ""device"": ""cpu"", ""idf"": false, ""lang"": ""pt"", ""metrics_version"": ""1.0"", ""model"": ""xlm-roberta-base"", ""num_layers"": 9, ""rescale_with_baseline"": false, ""torch_version"": ""2.2.2"", ""transformers_version"": ""4.44.2""}",natural,0.9303585290908813,0.8983368873596191,0.9140673279762268
1.0,7c0dee939979842cb9174c0c032b260421ed41056cded2c93436cfa37b819a2a,44,a9c7ddbc922d0ebc9f1680bceb3e61c32674e771d89f7632611eb92313781116,858973e86255e992fd2b218c9c319c2ba28f741aec2586be78aa3ef0a3b0dd9c,"{""bert_score_version"": ""0.3.13"", ""device"": ""cpu"", ""idf"": false, ""lang"": ""pt"", ""metrics_version"": ""1.0"", ""model"": ""xlm-roberta-base"", ""num_layers"": 9, ""rescale_with_baseline"": false, ""torch_version"": ""2.2.2"", ""transformers_version"": ""4.44.2""}",strong,0.9303830862045288,0.8983545303344727,0.9140883684158325
1.0,7c0dee939979842cb9174c0c032b260421ed41056cded2c93436cfa37b819a2a,45,47d47a17ec06f084824c530570e15bb1d938291fd673a102711eef539559de8f,abd8f25e5d5d2c25bc4f6fd9aab792668d77fb95053dabd79b991507bf675c45,"{""bert_score_version"": ""0.3.13"", ""device"": ""cpu"", ""idf"": false, ""lang"": ""pt"", ""metrics_version"": ""1.0"", ""model"": ""xlm-roberta-base"", ""num_layers"": 9, ""rescale_with_baseline"": false, ""torch_version"": ""2.2.2"", ""transformers_version"": ""4.44.2""}",natural,0.9331274628639221,0.9077475070953369,0.9202625155448914
1.0,7c0dee939979842cb9174c0c032b260421ed41056cded2c93436cfa37b819a2a,45,47d47a17ec06f084824c530570e15bb1d938291fd673a102711eef539559de8f,df546806073c1168505ec9b17a2b4000a5934c6663dd33d9176ef681c13dc9d3,"{""bert_score_version"": ""0.3.13"", ""device"": ""cpu"", ""idf"": false, ""lang"": ""pt"", ""metrics_version"": ""1.0"", ""model"": ""xlm-roberta-base"", ""num_layers"": 9, ""rescale_with_baseline"": false, ""torch_version"": ""2.2.2"", ""transformers_version"": ""4.44.2""}",strong,0.9319592118263245,0.9071092009544373,0.9193663001060486
1.0,7c0dee939979842cb9174c0c032b260421ed41056cded2c93436cfa37b819a2a,46,945f699767cb26f35752acdf33f304534f47e2afd5c87527481166b74ef9f6ae,7ad9acb5a32317d8305be47fb1f9a042b3dfdca9191686ab7b193d4e5e27722e,"{""bert_score_version"": ""0.3.13"", ""device"": ""cpu"", ""idf"": false, ""lang"": ""pt"", ""metrics_version"": ""1.0"", ""model"": ""xlm-roberta-base"", ""num_layers"": 9, ""rescale_with_baseline"": false, ""torch_version"": ""2.2.2"", ""transformers_version"": ""4.44.2""}",natural,0.9318312406539917,0.8931328058242798,0.912071704864502
1.0,7c0dee939979842cb9174c0c032b260421ed41056cded2c93436cfa37b819a2a,46,945f699767cb26f35752acdf33f304534f47e2afd5c87527481166b74ef9f6ae,5229e276af03ea854afd5dab2c51606fbe8652072974a2819155628c161c8965,"{""bert_score_version"": ""0.3.13"", ""device"": ""cpu"", ""idf"": false, ""lang"": ""pt"", ""metrics_version"": ""1.0"", ""model"": ""xlm-roberta-base"", ""num_layers"": 9, ""rescale_with_baseline"": false, ""torch_version"": ""2.2.2"", ""transformers_version"": ""4.44.2""}",strong,0.9335187077522278,0.8954262733459473,0.9140758514404297
1.0,7c0dee939979842cb9174c0c032b260421ed41056cded2c93436cfa37b819a2a,47,c3729ea50993ac180bca4869895061d6546b60688a5dd8ef21a68dca570fba71,aed3c92c80e57ee2ccb4db78fa8ff4b4b5658e904ea5612572d6d69d13ccbce3,"{""bert_score_version"": ""0.3.13"", ""device"": ""cpu"", ""idf"": false, ""lang"": ""pt"", ""metrics_version"": ""1.0"", ""model"": ""xlm-roberta-base"", ""num_layers"": 9, ""rescale_with_baseline"": false, ""torch_version"": ""2.2.2"", ""transformers_version"": ""4.44.2""}",natural,0.9097338914871216,0.8955380320549011,0.902580201625824
1.0,7c0dee939979842cb9174c0c032b260421ed41056cded2c93436cfa37b819a2a,47,c3729ea50993ac180bca4869895061d6546b60688a5dd8ef21a68dca570fba71,3cfd92159ff568d2460858c31370681aa31d2bee90027b7b6f6d31b1d1c1f7c5,"{""bert_score_version"": ""0.3.13"", ""device"": ""cpu"", ""idf"": false, ""lang"": ""pt"", ""metrics_version"": ""1.0"", ""model"": ""xlm-roberta-base"", ""num_layers"": 9, ""rescale_with_baseline"": false, ""torch_version"": ""2.2.2"", ""transformers_version"": ""4.44.2""}",strong,0.9088748693466187,0.8917946815490723,0.9002537727355957
1.0,7c0dee939979842cb9174c0c032b260421ed41056cded2c93436cfa37b819a2a,48,7620c7a5fb6256c71ddda5d0764456ab89d69f87e5ae978a66ddfe9781deaa4b,b413b6c9f437a98b278c4255301ae408be149f06c26172701097dc14ff4243a2,"{""bert_score_version"": ""0.3.13"", ""device"": ""cpu"", ""idf"": false, ""lang"": ""pt"", ""metrics_version"": ""1.0"", ""model"": ""xlm-roberta-base"", ""num_layers"": 9, ""rescale_with_baseline"": false, ""torch_version"": ""2.2.2"", ""transformers_version"": ""4.44.2""}",natural,0.89935302734375,0.8882295489311218,0.893756628036499
1.0,7c0dee939979842cb9174c0c032b260421ed41056cded2c93436cfa37b819a2a,48,7620c7a5fb6256c71ddda5d0764456ab89d69f87e5ae978a66ddfe9781deaa4b,921eb8b87e3f0730bae67cbabab55288becb9bf97545725d0e1d0f2c7f1f33ab,"{""bert_score_version"": ""0.3.13"", ""device"": ""cpu"", ""idf"": false, ""lang"": ""pt"", ""metrics_version"": ""1.0"", ""model"": ""xlm-roberta-base"", ""num_layers"": 9, ""rescale_with_baseline"": false, ""torch_version"": ""2.2.2"", ""transformers_version"": ""4.44.2""}",strong,0.8929784297943115,0.8833447694778442,0.8881354331970215
1.0,7c0dee939979842cb9174c0c032b260421ed41056cded2c93436cfa37b819a2a,49,3248ee3274c248007047b411b1f90aff5cfbf73231b5a3de0f61bf8af4d74ab1,7291964dc9794be61338551fe8b8cdfdcff35ed892d0ad390a52a4d2cf523e0e,"{""bert_score_version"": ""0.3.13"", ""device"": ""cpu"", ""idf"": false, ""lang"": ""pt"", ""metrics_version"": ""1.0"", ""model"": ""xlm-roberta-base"", ""num_layers"": 9, ""rescale_with_baseline"": false, ""torch_version"": ""2.2.2"", ""transformers_version"": ""4.44.2""}",natural,0.9530714154243469,0.9219016432762146,0.9372274279594421
1.0,7c0dee939979842cb9174c0c032b260421ed41056cded2c93436cfa37b819a2a,49,3248ee3274c248007047b411b1f90aff5cfbf73231b5a3de0f61bf8af4d74ab1,c1f385307368869a456c4a9fe4e9199fb00b430208d09165ec9707d0d3384470,"{""bert_score_version"": ""0.3.13"", ""device"": ""cpu"", ""idf"": false, ""lang"": ""pt"", ""metrics_version"": ""1.0"", ""model"": ""xlm-roberta-base"", ""num_layers"": 9, ""rescale_with_baseline"": false, ""torch_version"": ""2.2.2"", ""transformers_version"": ""4.44.2""}",strong,0.9507275819778442,0.9054614901542664,0.9275426268577576
1.0,7c0dee939979842cb9174c0c032b260421ed41056cded2c93436cfa37b819a2a,50,857e38e42f2c6a434e13c3434ffd25131890d5035e1e8a2a5b9d9793ba438498,b057e1c1e71cc9b9ebd7cbdfac2de0dcf13bb2f4708ef5139066e15101cc36a1,"{""bert_score_version"": ""0.3.13"", ""device"": ""cpu"", ""idf"": false, ""lang"": ""pt"", ""metrics_version"": ""1.0"", ""model"": ""xlm-roberta-base"", ""num_layers"": 9, ""rescale_with_baseline"": false, ""torch_version"": ""2.2.2"", ""transformers_version"": ""4.44.2""}",natural,0.9226442575454712,0.8941318392753601,0.9081643223762512
1.0,7c0dee939979842cb9174c0c032b260421ed41056cded2c93436cfa37b819a2a,50,857e38e42f2c6a434e13c3434ffd25131890d5035e1e8a2a5b9d9793ba438498,c0a207da1f3da8131a5b5fffd1c69edfea04dcbc215700b03997ad78d7ac0bf9,"{""bert_score_version"": ""0.3.13"", ""device"": ""cpu"", ""idf"": false, ""lang"": ""pt"", ""metrics_version"": ""1.0"", ""model"": ""xlm-roberta-base"", ""num_layers"": 9, ""rescale_with_baseline"": false, ""torch_version"": ""2.2.2"", ""transformers_version"": ""4.44.2""}",strong,0.9222071170806885,0.8935332894325256,0.9076438546180725
1.0,7c0dee939979842cb9174c0c032b260421ed41056cded2c93436cfa37b819a2a,51,4c3912c862580c25c89000ba59fa250a5a4e4a1c726079df946013caab207bf0,68392698e34dcdfc191481f32489c1077c2b7f3afd8091a7ac47478b321c0ecb,"{""bert_score_version"": ""0.3.13"", ""device"": ""cpu"", ""idf"": false, ""lang"": ""pt"", ""metrics_version"": ""1.0"", ""model"": ""xlm-roberta-base"", ""num_layers"": 9, ""rescale_with_baseline"": false, ""torch_version"": ""2.2.2"", ""transformers_version"": ""4.44.2""}",natural,0.9556446671485901,0.9219467639923096,0.9384933710098267
1.0,7c0dee939979842cb9174c0c032b260421ed41056cded2c93436cfa37b819a2a,51,4c3912c862580c25c89000ba59fa250a5a4e4a1c726079df946013caab207bf0,1dea679aa92063b85985d7d1e1e4b9712c351ae7e4724da4f19047d91895f817,"{""bert_score_version"": ""0.3.13"", ""device"": ""cpu"", ""idf"": false, ""lang"": ""pt"", ""metrics_version"": ""1.0"", ""model"": ""xlm-roberta-base"", ""num_layers"": 9, ""rescale_with_baseline"": false, ""torch_version"": ""2.2.2"", ""transformers_version"": ""4.44.2""}",strong,0.9541473984718323,0.9208990931510925,0.9372285008430481
1.0,7c0dee939979842cb9174c0c032b260421ed41056cded2c93436cfa37b819a2a,52,7d50cb1b8dec70a023d8ef2b1df2092524f52d6ea9dad619e13288f78f31a872,2a887e7fa9b2ee694b4959778b616d4c050f822ef148693261dbbfca2a795271,"{""bert_score_version"": ""0.3.13"", ""device"": ""cpu"", ""idf"": false, ""lang"": ""pt"", ""metrics_version"": ""1.0"", ""model"": ""xlm-roberta-base"", ""num_layers"": 9, ""rescale_with_baseline"": false, ""torch_version"": ""2.2.2"", ""transformers_version"": ""4.44.2""}",natural,0.933716893196106,0.8999763131141663,0.9165361523628235
1.0,7c0dee939979842cb9174c0c032b260421ed41056cded2c93436cfa37b819a2a,52,7d50cb1b8dec70a023d8ef2b1df2092524f52d6ea9dad619e13288f78f31a872,e26b08e24477432a001f184a7772aac1d358b54c99df65ae8a916fea9dcddacd,"{""bert_score_version"": ""0.3.13"", ""device"": ""cpu"", ""idf"": false, ""lang"": ""pt"", ""metrics_version"": ""1.0"", ""model"": ""xlm-roberta-base"", ""num_layers"": 9, ""rescale_with_baseline"": false, ""torch_version"": ""2.2.2"", ""transformers_version"": ""4.44.2""}",strong,0.9317833185195923,0.8952690958976746,0.9131613373756409
1.0,7c0dee939979842cb9174c0c032b260421ed41056cded2c93436cfa37b819a2a,53,972335bc2b9020b5eba364af3aac6ebdaaba8df46ae3fa8015dfe6df2b67ac74,786eb701a56c97c5b0d619da5bfcc95fb1275785c133a78c1045b5032c4077e7,"{""bert_score_version"": ""0.3.13"", ""device"": ""cpu"", ""idf"": false, ""lang"": ""pt"", ""metrics_version"": ""1.0"", ""model"": ""xlm-roberta-base"", ""num_layers"": 9, ""rescale_with_baseline"": false, ""torch_version"": ""2.2.2"", ""transformers_version"": ""4.44.2""}",natural,0.9385044574737549,0.9196004271507263,0.9289562106132507
1.0,7c0dee939979842cb9174c0c032b260421ed41056cded2c93436cfa37b819a2a,53,972335bc2b9020b5eba364af3aac6ebdaaba8df46ae3fa8015dfe6df2b67ac74,13ce6f4bdcc0a8e88623c303126d56081f599896e620a82cc5f639dc7744881a,"{""bert_score_version"": ""0.3.13"", ""device"": ""cpu"", ""idf"": false, ""lang"": ""pt"", ""metrics_version"": ""1.0"", ""model"": ""xlm-roberta-base"", ""num_layers"": 9, ""rescale_with_baseline"": false, ""torch_version"": ""2.2.2"", ""transformers_version"": ""4.44.2""}",strong,0.939813494682312,0.920687735080719,0.9301522970199585
1.0,7c0dee939979842cb9174c0c032b260421ed41056cded2c93436cfa37b819a2a,54,20c7224576095864aa5f36a71f19fc55ab52dcfaed0dd1c8d4fdb844f12f7f3d,b9363f1d96dafaee52ac8eed6d029a4e9cc868fb55a4a4fe905a0faf01350ffe,"{""bert_score_version"": ""0.3.13"", ""device"": ""cpu"", ""idf"": false, ""lang"": ""pt"", ""metrics_version"": ""1.0"", ""model"": ""xlm-roberta-base"", ""num_layers"": 9, ""rescale_with_baseline"": false, ""torch_version"": ""2.2.2"", ""transformers_version"": ""4.44.2""}",natural,0.9431862235069275,0.9101488590240479,0.9263730645179749
1.0,7c0dee939979842cb9174c0c032b260421ed41056cded2c93436cfa37b819a2a,54,20c7224576095864aa5f36a71f19fc55ab52dcfaed0dd1c8d4fdb844f12f7f3d,e2da355004c34680cada0669ea979c53f1223dc34f4c4ae9e244c21cd5d6cfc8,"{""bert_score_version"": ""0.3.13"", ""device"": ""cpu"", ""idf"": false, ""lang"": ""pt"", ""metrics_version"": ""1.0"", ""model"": ""xlm-roberta-base"", ""num_layers"": 9, ""rescale_with_baseline"": false, ""torch_version"": ""2.2.2"", ""transformers_version"": ""4.44.2""}",strong,0.9405529499053955,0.9057202339172363,0.9228079915046692
1.0,7c0dee939979842cb9174c0c032b260421ed41056cded2c93436cfa37b819a2a,55,8b07b5566922cb05cf21192714208f64250d91973b17c60a7d1a0b250fdc573f,dc506aa6808c4415b332c5a43cea3373c3cac6570457ac09c24f539aad6f7d72,"{""bert_score_version"": ""0.3.13"", ""device"": ""cpu"", ""idf"": false, ""lang"": ""pt"", ""metrics_version"": ""1.0"", ""model"": ""xlm-roberta-base"", ""num_layers"": 9, ""rescale_with_baseline"": false, ""torch_version"": ""2.2.2"", ""transformers_version"": ""4.44.2""}",natural,0.9375920295715332,0.9331738948822021,0.9353777170181274
1.0,7c0dee939979842cb9174c0c032b260421ed41056cded2c93436cfa37b819a2a,55,8b07b5566922cb05cf21192714208f64250d91973b17c60a7d1a0b250fdc573f,17ccc7b27a7724b9fa835488425c477b0bf7d425a1d845331d907cc73164aa4c,"{""bert_score_version"": ""0.3.13"", ""device"": ""cpu"", ""idf"": false, ""lang"": ""pt"", ""metrics_version"": ""1.0"", ""model"": ""xlm-roberta-base"", ""num_layers"": 9, ""rescale_with_baseline"": false, ""torch_version"": ""2.2.2"", ""transformers_version"": ""4.44.2""}",strong,0.9365218281745911,0.9307452440261841,0.9336245656013489
1.0,7c0dee939979842cb9174c0c032b260421ed41056cded2c93436cfa37b819a2a,56,a4cb5f668da75644cd014f54504b65fcb8474dae4819d81f14b4c5b057e4184b,657bdcd85847d064fc6cd10a95e32311c93095db4ee6d17983ca20dd7a0e5a36,"{""bert_score_version"": ""0.3.13"", ""device"": ""cpu"", ""idf"": false, ""lang"": ""pt"", ""metrics_version"": ""1.0"", ""model"": ""xlm-roberta-base"", ""num_layers"": 9, ""rescale_with_baseline"": false, ""torch_version"": ""2.2.2"", ""transformers_version"": ""4.44.2""}",natural,0.9728201031684875,0.9614723920822144,0.9671129584312439
1.0,7c0dee939979842cb9174c0c032b260421ed41056cded2c93436cfa37b819a2a,56,a4cb5f668da75644cd014f54504b65fcb8474dae4819d81f14b4c5b057e4184b,657bdcd85847d064fc6cd10a95e32311c93095db4ee6d17983ca20dd7a0e5a36,"{""bert_score_version"": ""0.3.13"", ""device"": ""cpu"", ""idf"": false, ""lang"": ""pt"", ""metrics_version"": ""1.0"", ""model"": ""xlm-roberta-base"", ""num_layers"": 9, ""rescale_with_baseline"": false, ""torch_version"": ""2.2.2"", ""transformers_version"": ""4.44.2""}",strong,0.9728201031684875,0.9614723920822144,0.9671129584312439
1.0,7c0dee939979842cb9174c0c032b260421ed41056cded2c93436cfa37b819a2a,57,0d11ebc3eaa25d27adf19333996bb8117c33759c8d6e2e5b371f8bb1bba9374b,2e2f62805b90071e5e1cf0667a2f5edb48c1208114ef7027c038bd59e8c934db,"{""bert_score_version"": ""0.3.13"", ""device"": ""cpu"", ""idf"": false, ""lang"": ""pt"", ""metrics_version"": ""1.0"", ""model"": ""xlm-roberta-base"", ""num_layers"": 9, ""rescale_with_baseline"": false, ""torch_version"": ""2.2.2"", ""transformers_version"": ""4.44.2""}",natural,0.9171826243400574,0.9168081879615784,0.9169953465461731
1.0,7c0dee939979842cb9174c0c032b260421ed41056cded2c93436cfa37b819a2a,57,0d11ebc3eaa25d27adf19333996bb8117c33759c8d6e2e5b371f8bb1bba9374b,88e72ca0275dd3d5b80a7b5c39438dd492a6ce753fd92f9ed7ba596158df92fb,"{""bert_score_version"": ""0.3.13"", ""device"": ""cpu"", ""idf"": false, ""lang"": ""pt"", ""metrics_version"": ""1.0"", ""model"": ""xlm-roberta-base"", ""num_layers"": 9, ""rescale_with_baseline"": false, ""torch_version"": ""2.2.2"", ""transformers_version"": ""4.44.2""}",strong,0.9159970283508301,0.9144765138626099,0.9152361154556274
1.0,7c0dee939979842cb9174c0c032b260421ed41056cded2c93436cfa37b819a2a,58,77d7434e5e56ca81f64f0e5f0aaeec57ea0994207032a51fe155eeddc46a6156,b96f16571759e348024d839b5b3463cb3a07bb02894996723e58ffc97382b049,"{""bert_score_version"": ""0.3.13"", ""device"": ""cpu"", ""idf"": false, ""lang"": ""pt"", ""metrics_version"": ""1.0"", ""model"": ""xlm-roberta-base"", ""num_layers"": 9, ""rescale_with_baseline"": false, ""torch_version"": ""2.2.2"", ""transformers_version"": ""4.44.2""}",natural,0.9160716533660889,0.9033299684524536,0.9096562266349792
1.0,7c0dee939979842cb9174c0c032b260421ed41056cded2c93436cfa37b819a2a,58,77d7434e5e56ca81f64f0e5f0aaeec57ea0994207032a51fe155eeddc46a6156,e995b6f6464323f7888a0c9a88dcff95d830746ec2bcc78a6c86e07264ea6395,"{""bert_score_version"": ""0.3.13"", ""device"": ""cpu"", ""idf"": false, ""lang"": ""pt"", ""metrics_version"": ""1.0"", ""model"": ""xlm-roberta-base"", ""num_layers"": 9, ""rescale_with_baseline"": false, ""torch_version"": ""2.2.2"", ""transformers_version"": ""4.44.2""}",strong,0.9068509936332703,0.8947007656097412,0.9007349014282227
1.0,7c0dee939979842cb9174c0c032b260421ed41056cded2c93436cfa37b819a2a,59,2836a3a7e50c1a853ac3eebb81080b53419482034483c8e6051a241b167635a9,4f797cee906ba8b7f00c595da1ca90589b467614b762d0db002092cc60ce82b6,"{""bert_score_version"": ""0.3.13"", ""device"": ""cpu"", ""idf"": false, ""lang"": ""pt"", ""metrics_version"": ""1.0"", ""model"": ""xlm-roberta-base"", ""num_layers"": 9, ""rescale_with_baseline"": false, ""torch_version"": ""2.2.2"", ""transformers_version"": ""4.44.2""}",natural,0.9460181593894958,0.9211261868476868,0.9334062337875366
1.0,7c0dee939979842cb9174c0c032b260421ed41056cded2c93436cfa37b819a2a,59,2836a3a7e50c1a853ac3eebb81080b53419482034483c8e6051a241b167635a9,0f167459aa5473df9d95a191e9855a0126b953e54b105ac3779778877b02e65f,"{""bert_score_version"": ""0.3.13"", ""device"": ""cpu"", ""idf"": false, ""lang"": ""pt"", ""metrics_version"": ""1.0"", ""model"": ""xlm-roberta-base"", ""num_layers"": 9, ""rescale_with_baseline"": false, ""torch_version"": ""2.2.2"", ""transformers_version"": ""4.44.2""}",strong,0.9312198162078857,0.9044650197029114,0.9176474809646606
1.0,7c0dee939979842cb9174c0c032b260421ed41056cded2c93436cfa37b819a2a,60,33f7984a162fc3d60442909bae351bb22445becbe5db9e2196c0e74b79c7665e,074a7436362fb69a7aa8eb49785838ee369c36432646c4e544d8a5b938f4edc1,"{""bert_score_version"": ""0.3.13"", ""device"": ""cpu"", ""idf"": false, ""lang"": ""pt"", ""metrics_version"": ""1.0"", ""model"": ""xlm-roberta-base"", ""num_layers"": 9, ""rescale_with_baseline"": false, ""torch_version"": ""2.2.2"", ""transformers_version"": ""4.44.2""}",natural,0.918925404548645,0.88991379737854,0.9041869640350342
1.0,7c0dee939979842cb9174c0c032b260421ed41056cded2c93436cfa37b819a2a,60,33f7984a162fc3d60442909bae351bb22445becbe5db9e2196c0e74b79c7665e,696ce127cd252c02479ff46d09e56ecdeb3454fd5c01d1871dd2e98a1d79931d,"{""bert_score_version"": ""0.3.13"", ""device"": ""cpu"", ""idf"": false, ""lang"": ""pt"", ""metrics_version"": ""1.0"", ""model"": ""xlm-roberta-base"", ""num_layers"": 9, ""rescale_with_baseline"": false, ""torch_version"": ""2.2.2"", ""transformers_version"": ""4.44.2""}",strong,0.9185318350791931,0.8902614712715149,0.9041757583618164
1.0,7c0dee939979842cb9174c0c032b260421ed41056cded2c93436cfa37b819a2a,61,c6963deb80b3dd111a40421f88dc890ad02b567b883a8f9bbd24f898bd19a9eb,cea901811fb6720979d3ca1ab0a777335a51b663d7244952be2e5d8b410697d2,"{""bert_score_version"": ""0.3.13"", ""device"": ""cpu"", ""idf"": false, ""lang"": ""pt"", ""metrics_version"": ""1.0"", ""model"": ""xlm-roberta-base"", ""num_layers"": 9, ""rescale_with_baseline"": false, ""torch_version"": ""2.2.2"", ""transformers_version"": ""4.44.2""}",natural,0.948348879814148,0.9185481071472168,0.9332106113433838
1.0,7c0dee939979842cb9174c0c032b260421ed41056cded2c93436cfa37b819a2a,61,c6963deb80b3dd111a40421f88dc890ad02b567b883a8f9bbd24f898bd19a9eb,3bc572cf99cb048dfe3797dedcb49fa8b46fd34f343bdea8fadb721c6e23199b,"{""bert_score_version"": ""0.3.13"", ""device"": ""cpu"", ""idf"": false, ""lang"": ""pt"", ""metrics_version"": ""1.0"", ""model"": ""xlm-roberta-base"", ""num_layers"": 9, ""rescale_with_baseline"": false, ""torch_version"": ""2.2.2"", ""transformers_version"": ""4.44.2""}",strong,0.9555680751800537,0.9254147410392761,0.9402496814727783
1.0,7c0dee939979842cb9174c0c032b260421ed41056cded2c93436cfa37b819a2a,62,cdb3fca8e2de6963fdf86b395eba63d363d59d535be8045a520fb0d1d094982c,88bb1a4e27edf5c379f0d2b7687af14e2b0ecace7302d246d775ea98eb63dd47,"{""bert_score_version"": ""0.3.13"", ""device"": ""cpu"", ""idf"": false, ""lang"": ""pt"", ""metrics_version"": ""1.0"", ""model"": ""xlm-roberta-base"", ""num_layers"": 9, ""rescale_with_baseline"": false, ""torch_version"": ""2.2.2"", ""transformers_version"": ""4.44.2""}",natural,0.9382910132408142,0.907099723815918,0.9224317073822021
1.0,7c0dee939979842cb9174c0c032b260421ed41056cded2c93436cfa37b819a2a,62,cdb3fca8e2de6963fdf86b395eba63d363d59d535be8045a520fb0d1d094982c,ea42a5a4f246d843d9792e76fea834dc96a5e859c3d02ffe63af102990401175,"{""bert_score_version"": ""0.3.13"", ""device"": ""cpu"", ""idf"": false, ""lang"": ""pt"", ""metrics_version"": ""1.0"", ""model"": ""xlm-roberta-base"", ""num_layers"": 9, ""rescale_with_baseline"": false, ""torch_version"": ""2.2.2"", ""transformers_version"": ""4.44.2""}",strong,0.9325880408287048,0.8988916873931885,0.9154298305511475
1.0,7c0dee939979842cb9174c0c032b260421ed41056cded2c93436cfa37b819a2a,63,4b8218853cf2d759b7a149fa58ed03987e7f898cc8005ac788bc13220ca87fb6,75b6bb562a918c7582c10fae15dddba0ece2123b943d1431f7cf1c29ef4841a3,"{""bert_score_version"": ""0.3.13"", ""device"": ""cpu"", ""idf"": false, ""lang"": ""pt"", ""metrics_version"": ""1.0"", ""model"": ""xlm-roberta-base"", ""num_layers"": 9, ""rescale_with_baseline"": false, ""torch_version"": ""2.2.2"", ""transformers_version"": ""4.44.2""}",natural,0.9431682229042053,0.9180470108985901,0.9304380416870117
1.0,7c0dee939979842cb9174c0c032b260421ed41056cded2c93436cfa37b819a2a,63,4b8218853cf2d759b7a149fa58ed03987e7f898cc8005ac788bc13220ca87fb6,80c4953db8201f88e99c848d94a204863c2f1772e8c46e3d25facb564d74ca1a,"{""bert_score_version"": ""0.3.13"", ""device"": ""cpu"", ""idf"": false, ""lang"": ""pt"", ""metrics_version"": ""1.0"", ""model"": ""xlm-roberta-base"", ""num_layers"": 9, ""rescale_with_baseline"": false, ""torch_version"": ""2.2.2"", ""transformers_version"": ""4.44.2""}",strong,0.944560706615448,0.9163370728492737,0.9302348494529724
1.0,7c0dee939979842cb9174c0c032b260421ed41056cded2c93436cfa37b819a2a,64,83e2d1e6ea48a4b4c6e5e5f5f6a520441197cbb9dff5e614e1b842e7094bb203,083552096c268b4dafa65075f8125bab2f206b1dc0a76c7f35b93ab683d2621d,"{""bert_score_version"": ""0.3.13"", ""device"": ""cpu"", ""idf"": false, ""lang"": ""pt"", ""metrics_version"": ""1.0"", ""model"": ""xlm-roberta-base"", ""num_layers"": 9, ""rescale_with_baseline"": false, ""torch_version"": ""2.2.2"", ""transformers_version"": ""4.44.2""}",natural,0.9274390339851379,0.8919636011123657,0.9093554019927979
1.0,7c0dee939979842cb9174c0c032b260421ed41056cded2c93436cfa37b819a2a,64,83e2d1e6ea48a4b4c6e5e5f5f6a520441197cbb9dff5e614e1b842e7094bb203,0a04e48406bbea9192787f96a216df6880333ec70c09a9b92babc83c379e4d73,"{""bert_score_version"": ""0.3.13"", ""device"": ""cpu"", ""idf"": false, ""lang"": ""pt"", ""metrics_version"": ""1.0"", ""model"": ""xlm-roberta-base"", ""num_layers"": 9, ""rescale_with_baseline"": false, ""torch_version"": ""2.2.2"", ""transformers_version"": ""4.44.2""}",strong,0.9256441593170166,0.8940845727920532,0.9095907211303711
1.0,7c0dee939979842cb9174c0c032b260421ed41056cded2c93436cfa37b819a2a,65,648a38239d6e6c1641cce6a543ac3af6af5097f4f50682cf0ea4c150e9908427,9adba81e59b25d5879339efaadca1eaba3ba5ba5e1fc7c0b890973fbdb5afdcf,"{""bert_score_version"": ""0.3.13"", ""device"": ""cpu"", ""idf"": false, ""lang"": ""pt"", ""metrics_version"": ""1.0"", ""model"": ""xlm-roberta-base"", ""num_layers"": 9, ""rescale_with_baseline"": false, ""torch_version"": ""2.2.2"", ""transformers_version"": ""4.44.2""}",natural,0.9261996150016785,0.905659556388855,0.9158144593238831
1.0,7c0dee939979842cb9174c0c032b260421ed41056cded2c93436cfa37b819a2a,65,648a38239d6e6c1641cce6a543ac3af6af5097f4f50682cf0ea4c150e9908427,7e319283f4b265c6674be32223e05cccb0be4e196e7d742155e8e92db62106f0,"{""bert_score_version"": ""0.3.13"", ""device"": ""cpu"", ""idf"": false, ""lang"": ""pt"", ""metrics_version"": ""1.0"", ""model"": ""xlm-roberta-base"", ""num_layers"": 9, ""rescale_with_baseline"": false, ""torch_version"": ""2.2.2"", ""transformers_version"": ""4.44.2""}",strong,0.9210952520370483,0.8995866775512695,0.9102138876914978
1.0,7c0dee939979842cb9174c0c032b260421ed41056cded2c93436cfa37b819a2a,66,cab23cd6cc47dca75d5ae1cc920dd184fae31dcbd097f01502e2dec6443a6b0e,f693bda341856d82d57506a4ff768bde30ced69ddfe293883801741c74985bde,"{""bert_score_version"": ""0.3.13"", ""device"": ""cpu"", ""idf"": false, ""lang"": ""pt"", ""metrics_version"": ""1.0"", ""model"": ""xlm-roberta-base"", ""num_layers"": 9, ""rescale_with_baseline"": false, ""torch_version"": ""2.2.2"", ""transformers_version"": ""4.44.2""}",natural,0.9181030988693237,0.9054620862007141,0.9117387533187866
1.0,7c0dee939979842cb9174c0c032b260421ed41056cded2c93436cfa37b819a2a,66,cab23cd6cc47dca75d5ae1cc920dd184fae31dcbd097f01502e2dec6443a6b0e,03c9d2abded231cff06fd9235a36cdc727250cf1f36f91db2dfbec63f5aa3ee2,"{""bert_score_version"": ""0.3.13"", ""device"": ""cpu"", ""idf"": false, ""lang"": ""pt"", ""metrics_version"": ""1.0"", ""model"": ""xlm-roberta-base"", ""num_layers"": 9, ""rescale_with_baseline"": false, ""torch_version"": ""2.2.2"", ""transformers_version"": ""4.44.2""}",strong,0.9146367311477661,0.9037092328071594,0.9091401696205139
1.0,7c0dee939979842cb9174c0c032b260421ed41056cded2c93436cfa37b819a2a,67,d86a2e5bb57cda072c42e9db9d480f359853031220cc07aa2bf731b323c71df4,591d1888529875bd24d07f80eca96c318198652b4773504a890bd22be345073d,"{""bert_score_version"": ""0.3.13"", ""device"": ""cpu"", ""idf"": false, ""lang"": ""pt"", ""metrics_version"": ""1.0"", ""model"": ""xlm-roberta-base"", ""num_layers"": 9, ""rescale_with_baseline"": false, ""torch_version"": ""2.2.2"", ""transformers_version"": ""4.44.2""}",natural,0.9437318444252014,0.9264284372329712,0.9350000619888306
1.0,7c0dee939979842cb9174c0c032b260421ed41056cded2c93436cfa37b819a2a,67,d86a2e5bb57cda072c42e9db9d480f359853031220cc07aa2bf731b323c71df4,89006fecadd96e383f7192d13b45b439f9eb14c92a00b1eca7b179d12d4fce91,"{""bert_score_version"": ""0.3.13"", ""device"": ""cpu"", ""idf"": false, ""lang"": ""pt"", ""metrics_version"": ""1.0"", ""model"": ""xlm-roberta-base"", ""num_layers"": 9, ""rescale_with_baseline"": false, ""torch_version"": ""2.2.2"", ""transformers_version"": ""4.44.2""}",strong,0.9420138597488403,0.9227347373962402,0.9322746396064758
1.0,7c0dee939979842cb9174c0c032b260421ed41056cded2c93436cfa37b819a2a,68,3aa4b1dcd1d0a632270f8ba379b7b1f38d27dcee995ff8f32b2763bda5b980c6,1a24735749b45bb32b3138a2f74ed79a5c7aeecc86ff1c9c9c6a481b341c994e,"{""bert_score_version"": ""0.3.13"", ""device"": ""cpu"", ""idf"": false, ""lang"": ""pt"", ""metrics_version"": ""1.0"", ""model"": ""xlm-roberta-base"", ""num_layers"": 9, ""rescale_with_baseline"": false, ""torch_version"": ""2.2.2"", ""transformers_version"": ""4.44.2""}",natural,0.9692614078521729,0.9662988781929016,0.9677779078483582
1.0,7c0dee939979842cb9174c0c032b260421ed41056cded2c93436cfa37b819a2a,68,3aa4b1dcd1d0a632270f8ba379b7b1f38d27dcee995ff8f32b2763bda5b980c6,1cd6c44a2b8ac00aa8a0846332140deb144215cbf57719d1db75fd7bf977c8d9,"{""bert_score_version"": ""0.3.13"", ""device"": ""cpu"", ""idf"": false, ""lang"": ""pt"", ""metrics_version"": ""1.0"", ""model"": ""xlm-roberta-base"", ""num_layers"": 9, ""rescale_with_baseline"": false, ""torch_version"": ""2.2.2"", ""transformers_version"": ""4.44.2""}",strong,0.9388104677200317,0.9247320890426636,0.931718111038208
1.0,7c0dee939979842cb9174c0c032b260421ed41056cded2c93436cfa37b819a2a,69,3e6490e077c1637fd26755cc45ef4408808eb3555a326b298196f72b2f88885e,2a017bb49be3a8f1f57cfe0e952f98a0fca9983fbcb1d0df5d1d0f9812f467b0,"{""bert_score_version"": ""0.3.13"", ""device"": ""cpu"", ""idf"": false, ""lang"": ""pt"", ""metrics_version"": ""1.0"", ""model"": ""xlm-roberta-base"", ""num_layers"": 9, ""rescale_with_baseline"": false, ""torch_version"": ""2.2.2"", ""transformers_version"": ""4.44.2""}",natural,0.9512732625007629,0.9480376839637756,0.9496527314186096
1.0,7c0dee939979842cb9174c0c032b260421ed41056cded2c93436cfa37b819a2a,69,3e6490e077c1637fd26755cc45ef4408808eb3555a326b298196f72b2f88885e,5e9dc94fdcd7a9f45f606e8c49e29b1acc1b8be2ae54d7ee8b851d9dd2c73f6c,"{""bert_score_version"": ""0.3.13"", ""device"": ""cpu"", ""idf"": false, ""lang"": ""pt"", ""metrics_version"": ""1.0"", ""model"": ""xlm-roberta-base"", ""num_layers"": 9, ""rescale_with_baseline"": false, ""torch_version"": ""2.2.2"", ""transformers_version"": ""4.44.2""}",strong,0.9199436902999878,0.9174973964691162,0.9187189340591431
1.0,7c0dee939979842cb9174c0c032b260421ed41056cded2c93436cfa37b819a2a,70,2e9da976a13012cf40dd9f3da41aedf6be2fa3ebb04c338937e5d4cc55adc832,eddf012f8b93e98f3ac7fa90f61a550daa9aa89253d3fb7f29d0152ad89d288f,"{""bert_score_version"": ""0.3.13"", ""device"": ""cpu"", ""idf"": false, ""lang"": ""pt"", ""metrics_version"": ""1.0"", ""model"": ""xlm-roberta-base"", ""num_layers"": 9, ""rescale_with_baseline"": false, ""torch_version"": ""2.2.2"", ""transformers_version"": ""4.44.2""}",natural,0.9763134717941284,0.9710008502006531,0.9736499190330505
1.0,7c0dee939979842cb9174c0c032b260421ed41056cded2c93436cfa37b819a2a,70,2e9da976a13012cf40dd9f3da41aedf6be2fa3ebb04c338937e5d4cc55adc832,073365a9dfc4c0a5f76cf017cd2844292ccaa31c1a5f86faa25b912351898e86,"{""bert_score_version"": ""0.3.13"", ""device"": ""cpu"", ""idf"": false, ""lang"": ""pt"", ""metrics_version"": ""1.0"", ""model"": ""xlm-roberta-base"", ""num_layers"": 9, ""rescale_with_baseline"": false, ""torch_version"": ""2.2.2"", ""transformers_version"": ""4.44.2""}",strong,0.9498936533927917,0.9201318025588989,0.9347759485244751
1.0,7c0dee939979842cb9174c0c032b260421ed41056cded2c93436cfa37b819a2a,72,c392a7af857038d975fdb0de8b427b725379fd5bb151e7cd749d5d08cb880448,e1741ec3da70db4a24131b1bfc196d48548ddf6185add3ac2888955053234bcb,"{""bert_score_version"": ""0.3.13"", ""device"": ""cpu"", ""idf"": false, ""lang"": ""pt"", ""metrics_version"": ""1.0"", ""model"": ""xlm-roberta-base"", ""num_layers"": 9, ""rescale_with_baseline"": false, ""torch_version"": ""2.2.2"", ""transformers_version"": ""4.44.2""}",natural,0.9585827589035034,0.9561274647712708,0.9573535323143005
1.0,7c0dee939979842cb9174c0c032b260421ed41056cded2c93436cfa37b819a2a,72,c392a7af857038d975fdb0de8b427b725379fd5bb151e7cd749d5d08cb880448,46296a4201a0c204f7b6c54de5c022f93eda5722a3630e3db788fb3d998a2ad1,"{""bert_score_version"": ""0.3.13"", ""device"": ""cpu"", ""idf"": false, ""lang"": ""pt"", ""metrics_version"": ""1.0"", ""model"": ""xlm-roberta-base"", ""num_layers"": 9, ""rescale_with_baseline"": false, ""torch_version"": ""2.2.2"", ""transformers_version"": ""4.44.2""}",strong,0.925278902053833,0.9224287271499634,0.9238516092300415
1.0,7c0dee939979842cb9174c0c032b260421ed41056cded2c93436cfa37b819a2a,73,b668400e9bada208440f78902de264b22b05adbcb20fbf2f50c7ffeba8d3d70c,52683a0fd11fb599ae1329f817d924bfe7bdf1db3df3f4bcd800f1632d5f001e,"{""bert_score_version"": ""0.3.13"", ""device"": ""cpu"", ""idf"": false, ""lang"": ""pt"", ""metrics_version"": ""1.0"", ""model"": ""xlm-roberta-base"", ""num_layers"": 9, ""rescale_with_baseline"": false, ""torch_version"": ""2.2.2"", ""transformers_version"": ""4.44.2""}",natural,0.9789528250694275,0.9783952236175537,0.9786739349365234
1.0,7c0dee939979842cb9174c0c032b260421ed41056cded2c93436cfa37b819a2a,73,b668400e9bada208440f78902de264b22b05adbcb20fbf2f50c7ffeba8d3d70c,08c6d4e26e955aa9ee4286301b47fa44390e68e58e39ec20582a7af7b858c09a,"{""bert_score_version"": ""0.3.13"", ""device"": ""cpu"", ""idf"": false, ""lang"": ""pt"", ""metrics_version"": ""1.0"", ""model"": ""xlm-roberta-base"", ""num_layers"": 9, ""rescale_with_baseline"": false, ""torch_version"": ""2.2.2"", ""transformers_version"": ""4.44.2""}",strong,0.9169252514839172,0.9121701121330261,0.914541482925415
1.0,7c0dee939979842cb9174c0c032b260421ed41056cded2c93436cfa37b819a2a,74,d5fcf4deae31dceabe46915860aac02edfe042d0a52735c8862837957355dce8,02f8faaf86ebdfc040636ab0f9ecb385925e29e38029bb10b9f8bbdc41ef4045,"{""bert_score_version"": ""0.3.13"", ""device"": ""cpu"", ""idf"": false, ""lang"": ""pt"", ""metrics_version"": ""1.0"", ""model"": ""xlm-roberta-base"", ""num_layers"": 9, ""rescale_with_baseline"": false, ""torch_version"": ""2.2.2"", ""transformers_version"": ""4.44.2""}",natural,0.9737389087677002,0.9671246409416199,0.9704204201698303
1.0,7c0dee939979842cb9174c0c032b260421ed41056cded2c93436cfa37b819a2a,74,d5fcf4deae31dceabe46915860aac02edfe042d0a52735c8862837957355dce8,4d84500aaa4062740f2a29d5337065f8e3303ea1eae46666d71f373ab98506e9,"{""bert_score_version"": ""0.3.13"", ""device"": ""cpu"", ""idf"": false, ""lang"": ""pt"", ""metrics_version"": ""1.0"", ""model"": ""xlm-roberta-base"", ""num_layers"": 9, ""rescale_with_baseline"": false, ""torch_version"": ""2.2.2"", ""transformers_version"": ""4.44.2""}",strong,0.9599282145500183,0.9432466626167297,0.9515143632888794
1.0,7c0dee939979842cb9174c0c032b260421ed41056cded2c93436cfa37b819a2a,75,db0999e917f8d047090a99602118c85c9ccf2d26f2fd42541665ec2c219a4068,5a71464bd2cd8c7f4516e0652fa0ac3ba9b22ef7eac6997ba093582c70d71b83,"{""bert_score_version"": ""0.3.13"", ""device"": ""cpu"", ""idf"": false, ""lang"": ""pt"", ""metrics_version"": ""1.0"", ""model"": ""xlm-roberta-base"", ""num_layers"": 9, ""rescale_with_baseline"": false, ""torch_version"": ""2.2.2"", ""transformers_version"": ""4.44.2""}",natural,0.9540590643882751,0.9532603025436401,0.9536595344543457
1.0,7c0dee939979842cb9174c0c032b260421ed41056cded2c93436cfa37b819a2a,75,db0999e917f8d047090a99602118c85c9ccf2d26f2fd42541665ec2c219a4068,062afe8c9723ac74d34c75b565088da8fcb47cde1a7cb1d3c7e18e2f3013f651,"{""bert_score_version"": ""0.3.13"", ""device"": ""cpu"", ""idf"": false, ""lang"": ""pt"", ""metrics_version"": ""1.0"", ""model"": ""xlm-roberta-base"", ""num_layers"": 9, ""rescale_with_baseline"": false, ""torch_version"": ""2.2.2"", ""transformers_version"": ""4.44.2""}",strong,0.9062315821647644,0.904380202293396,0.9053049683570862
1.0,7c0dee939979842cb9174c0c032b260421ed41056cded2c93436cfa37b819a2a,76,9175738280a31ceb380a515b3bee768ad3b422ca239169708eea9cbdf148c236,ce7dbc2f173bb96d4cf9f463bf29345db2cda278f80faddf42f84770aa7c12f8,"{""bert_score_version"": ""0.3.13"", ""device"": ""cpu"", ""idf"": false, ""lang"": ""pt"", ""metrics_version"": ""1.0"", ""model"": ""xlm-roberta-base"", ""num_layers"": 9, ""rescale_with_baseline"": false, ""torch_version"": ""2.2.2"", ""transformers_version"": ""4.44.2""}",natural,0.9592381119728088,0.9441092014312744,0.9516135454177856
1.0,7c0dee939979842cb9174c0c032b260421ed41056cded2c93436cfa37b819a2a,76,9175738280a31ceb380a515b3bee768ad3b422ca239169708eea9cbdf148c236,baf337cf2d8085cb2cf6cf9864ff7e045e20b1606670227d2d0bec873bebe5cd,"{""bert_score_version"": ""0.3.13"", ""device"": ""cpu"", ""idf"": false, ""lang"": ""pt"", ""metrics_version"": ""1.0"", ""model"": ""xlm-roberta-base"", ""num_layers"": 9, ""rescale_with_baseline"": false, ""torch_version"": ""2.2.2"", ""transformers_version"": ""4.44.2""}",strong,0.9309219121932983,0.905585527420044,0.9180789589881897
1.0,7c0dee939979842cb9174c0c032b260421ed41056cded2c93436cfa37b819a2a,77,4f57b67573086e6c13b388818f73e7f582ae2c50977c9eb184291d5bd511f547,0ff550124398a1b48c02a61f49f6ab83c334398206d88482bbb1056a0f3a55de,"{""bert_score_version"": ""0.3.13"", ""device"": ""cpu"", ""idf"": false, ""lang"": ""pt"", ""metrics_version"": ""1.0"", ""model"": ""xlm-roberta-base"", ""num_layers"": 9, ""rescale_with_baseline"": false, ""torch_version"": ""2.2.2"", ""transformers_version"": ""4.44.2""}",natural,0.9542992115020752,0.9459594488143921,0.9501110315322876
1.0,7c0dee939979842cb9174c0c032b260421ed41056cded2c93436cfa37b819a2a,77,4f57b67573086e6c13b388818f73e7f582ae2c50977c9eb184291d5bd511f547,fe244854f4fe9686ff06423689a37761dcb59ef984d65ba634f2697cf2173c94,"{""bert_score_version"": ""0.3.13"", ""device"": ""cpu"", ""idf"": false, ""lang"": ""pt"", ""metrics_version"": ""1.0"", ""model"": ""xlm-roberta-base"", ""num_layers"": 9, ""rescale_with_baseline"": false, ""torch_version"": ""2.2.2"", ""transformers_version"": ""4.44.2""}",strong,0.9272595047950745,0.9055999517440796,0.9163017272949219
1.0,7c0dee939979842cb9174c0c032b260421ed41056cded2c93436cfa37b819a2a,78,50ca3fcbf7ab76e06d9f9476644c638d8080fb718052429489ee831f04a778d6,13b02aa8fc56b2ff2c1be170a5f72c42cdaa993c7f8df38c0aead44061841279,"{""bert_score_version"": ""0.3.13"", ""device"": ""cpu"", ""idf"": false, ""lang"": ""pt"", ""metrics_version"": ""1.0"", ""model"": ""xlm-roberta-base"", ""num_layers"": 9, ""rescale_with_baseline"": false, ""torch_version"": ""2.2.2"", ""transformers_version"": ""4.44.2""}",natural,0.9629875421524048,0.9616928100585938,0.9623396992683411
1.0,7c0dee939979842cb9174c0c032b260421ed41056cded2c93436cfa37b819a2a,78,50ca3fcbf7ab76e06d9f9476644c638d8080fb718052429489ee831f04a778d6,f9537a672a7265fa1917113a4a451483424c54be007bcdf8c4fefa1d215b7984,"{""bert_score_version"": ""0.3.13"", ""device"": ""cpu"", ""idf"": false, ""lang"": ""pt"", ""metrics_version"": ""1.0"", ""model"": ""xlm-roberta-base"", ""num_layers"": 9, ""rescale_with_baseline"": false, ""torch_version"": ""2.2.2"", ""transformers_version"": ""4.44.2""}",strong,0.9361489415168762,0.926630973815918,0.9313656687736511
1.0,7c0dee939979842cb9174c0c032b260421ed41056cded2c93436cfa37b819a2a,79,c3a7d813d627d7093809a6a2a74470a175cc2aaacd05d6930e3b7c25840d0312,1317d38ae81dd8267a1d31ddb35aa3fd088d17ccbd167057b026762457bfa4fe,"{""bert_score_version"": ""0.3.13"", ""device"": ""cpu"", ""idf"": false, ""lang"": ""pt"", ""metrics_version"": ""1.0"", ""model"": ""xlm-roberta-base"", ""num_layers"": 9, ""rescale_with_baseline"": false, ""torch_version"": ""2.2.2"", ""transformers_version"": ""4.44.2""}",natural,0.9559168219566345,0.9565216898918152,0.9562191367149353
1.0,7c0dee939979842cb9174c0c032b260421ed41056cded2c93436cfa37b819a2a,79,c3a7d813d627d7093809a6a2a74470a175cc2aaacd05d6930e3b7c25840d0312,de2b3dbdedb5968772f2c82bd90389d65934ba52ec5dce3a41eb6e72abc00107,"{""bert_score_version"": ""0.3.13"", ""device"": ""cpu"", ""idf"": false, ""lang"": ""pt"", ""metrics_version"": ""1.0"", ""model"": ""xlm-roberta-base"", ""num_layers"": 9, ""rescale_with_baseline"": false, ""torch_version"": ""2.2.2"", ""transformers_version"": ""4.44.2""}",strong,0.9215857982635498,0.9104649424552917,0.9159916043281555
1.0,7c0dee939979842cb9174c0c032b260421ed41056cded2c93436cfa37b819a2a,80,1e82ae62cf7bce6ffa51506cb5b615d438ba9e31525bc4907660138d38dd55c0,0f26fefeb33512e23837f2f3c9d2e66d2b5dbd39e4e020f437fc267be16aefc3,"{""bert_score_version"": ""0.3.13"", ""device"": ""cpu"", ""idf"": false, ""lang"": ""pt"", ""metrics_version"": ""1.0"", ""model"": ""xlm-roberta-base"", ""num_layers"": 9, ""rescale_with_baseline"": false, ""torch_version"": ""2.2.2"", ""transformers_version"": ""4.44.2""}",natural,0.9806049466133118,0.9746958613395691,0.9776414632797241
1.0,7c0dee939979842cb9174c0c032b260421ed41056cded2c93436cfa37b819a2a,80,1e82ae62cf7bce6ffa51506cb5b615d438ba9e31525bc4907660138d38dd55c0,d04062753d5fd084409d0f88124ac5019b29318cd41a5c01d67da63dd40c7efc,"{""bert_score_version"": ""0.3.13"", ""device"": ""cpu"", ""idf"": false, ""lang"": ""pt"", ""metrics_version"": ""1.0"", ""model"": ""xlm-roberta-base"", ""num_layers"": 9, ""rescale_with_baseline"": false, ""torch_version"": ""2.2.2"", ""transformers_version"": ""4.44.2""}",strong,0.9440428018569946,0.9222310781478882,0.9330095052719116
1.0,7c0dee939979842cb9174c0c032b260421ed41056cded2c93436cfa37b819a2a,81,7adf439d0230ec93d1a253760e7cb908e8a5bc2f1064ca1d8fad3af4730383aa,df21566e463e1f21999e987aba699da639068d2b25f4b2ea88ee881b96f63a6b,"{""bert_score_version"": ""0.3.13"", ""device"": ""cpu"", ""idf"": false, ""lang"": ""pt"", ""metrics_version"": ""1.0"", ""model"": ""xlm-roberta-base"", ""num_layers"": 9, ""rescale_with_baseline"": false, ""torch_version"": ""2.2.2"", ""transformers_version"": ""4.44.2""}",natural,0.9326632022857666,0.9128446578979492,0.9226474761962891
1.0,7c0dee939979842cb9174c0c032b260421ed41056cded2c93436cfa37b819a2a,81,7adf439d0230ec93d1a253760e7cb908e8a5bc2f1064ca1d8fad3af4730383aa,26cec61c1cd16d30b06d375340ca9e768ff5a94c4749d0069aac24199cb265cc,"{""bert_score_version"": ""0.3.13"", ""device"": ""cpu"", ""idf"": false, ""lang"": ""pt"", ""metrics_version"": ""1.0"", ""model"": ""xlm-roberta-base"", ""num_layers"": 9, ""rescale_with_baseline"": false, ""torch_version"": ""2.2.2"", ""transformers_version"": ""4.44.2""}",strong,0.9230285882949829,0.8903565406799316,0.9063982367515564
1.0,7c0dee939979842cb9174c0c032b260421ed41056cded2c93436cfa37b819a2a,83,2742b1e74c694405ebc62f33f4a1b88e8609e94a1cd73bb4d23bf4760af8487a,2c9d2dfed387fe944118e38175d4f56b6bd186beea3471714227ada6d8c4d21e,"{""bert_score_version"": ""0.3.13"", ""device"": ""cpu"", ""idf"": false, ""lang"": ""pt"", ""metrics_version"": ""1.0"", ""model"": ""xlm-roberta-base"", ""num_layers"": 9, ""rescale_with_baseline"": false, ""torch_version"": ""2.2.2"", ""transformers_version"": ""4.44.2""}",natural,0.9295778870582581,0.9232990145683289,0.9264277815818787
1.0,7c0dee939979842cb9174c0c032b260421ed41056cded2c93436cfa37b819a2a,83,2742b1e74c694405ebc62f33f4a1b88e8609e94a1cd73bb4d23bf4760af8487a,d9d8c87f12938efacd0ebca3ebf1973305e7302b189ad08a1e76ddfbb78ec5c3,"{""bert_score_version"": ""0.3.13"", ""device"": ""cpu"", ""idf"": false, ""lang"": ""pt"", ""metrics_version"": ""1.0"", ""model"": ""xlm-roberta-base"", ""num_layers"": 9, ""rescale_with_baseline"": false, ""torch_version"": ""2.2.2"", ""transformers_version"": ""4.44.2""}",strong,0.925170361995697,0.9179208278656006,0.9215313196182251
1.0,7c0dee939979842cb9174c0c032b260421ed41056cded2c93436cfa37b819a2a,85,efc6e931f64aea501e32aa96f93600e9b59711f0509670e035348fba19e1dc90,1a0a36b14c6889ca89fca8d50414458b6289f5e2776501c0e8b7f3ab814a7718,"{""bert_score_version"": ""0.3.13"", ""device"": ""cpu"", ""idf"": false, ""lang"": ""pt"", ""metrics_version"": ""1.0"", ""model"": ""xlm-roberta-base"", ""num_layers"": 9, ""rescale_with_baseline"": false, ""torch_version"": ""2.2.2"", ""transformers_version"": ""4.44.2""}",natural,0.9558752179145813,0.9565157294273376,0.9561953544616699
1.0,7c0dee939979842cb9174c0c032b260421ed41056cded2c93436cfa37b819a2a,85,efc6e931f64aea501e32aa96f93600e9b59711f0509670e035348fba19e1dc90,91d9ea1d016bf32c573d1ab6e99e07b733522687d2547e6434310257f4d688a3,"{""bert_score_version"": ""0.3.13"", ""device"": ""cpu"", ""idf"": false, ""lang"": ""pt"", ""metrics_version"": ""1.0"", ""model"": ""xlm-roberta-base"", ""num_layers"": 9, ""rescale_with_baseline"": false, ""torch_version"": ""2.2.2"", ""transformers_version"": ""4.44.2""}",strong,0.93849778175354,0.9385894536972046,0.9385436177253723
1.0,7c0dee939979842cb9174c0c032b260421ed41056cded2c93436cfa37b819a2a,86,46de102567b312c47646e43d26a01bd55af3e4bc7b10c990fb9f5886a9a02585,8c02b6ebff5e49cd0333b5190b86d799de5b9bc6ac2f8897cf372f4ba1f6359d,"{""bert_score_version"": ""0.3.13"", ""device"": ""cpu"", ""idf"": false, ""lang"": ""pt"", ""metrics_version"": ""1.0"", ""model"": ""xlm-roberta-base"", ""num_layers"": 9, ""rescale_with_baseline"": false, ""torch_version"": ""2.2.2"", ""transformers_version"": ""4.44.2""}",natural,0.9764878153800964,0.9403979778289795,0.9581031203269958
1.0,7c0dee939979842cb9174c0c032b260421ed41056cded2c93436cfa37b819a2a,86,46de102567b312c47646e43d26a01bd55af3e4bc7b10c990fb9f5886a9a02585,5cc98751ffd0773ad53f5efeae8cfc4c59c43ea28ec763785b07823e477844c6,"{""bert_score_version"": ""0.3.13"", ""device"": ""cpu"", ""idf"": false, ""lang"": ""pt"", ""metrics_version"": ""1.0"", ""model"": ""xlm-roberta-base"", ""num_layers"": 9, ""rescale_with_baseline"": false, ""torch_version"": ""2.2.2"", ""transformers_version"": ""4.44.2""}",strong,0.9564092755317688,0.9037011861801147,0.9293084144592285
1.0,7c0dee939979842cb9174c0c032b260421ed41056cded2c93436cfa37b819a2a,87,fca41add3f47c4adacc31695456afede690f10c37666cee79f480554763b3864,515b0365d399f05c8cbaf5d13d70760a9476751855c20454977f8039ee303961,"{""bert_score_version"": ""0.3.13"", ""device"": ""cpu"", ""idf"": false, ""lang"": ""pt"", ""metrics_version"": ""1.0"", ""model"": ""xlm-roberta-base"", ""num_layers"": 9, ""rescale_with_baseline"": false, ""torch_version"": ""2.2.2"", ""transformers_version"": ""4.44.2""}",natural,0.9609556198120117,0.9399383068084717,0.9503307938575745
1.0,7c0dee939979842cb9174c0c032b260421ed41056cded2c93436cfa37b819a2a,87,fca41add3f47c4adacc31695456afede690f10c37666cee79f480554763b3864,ec3ac83a4be84e2e4be33c3c7298def3e45730493e09227c5220e2f2804dde7c,"{""bert_score_version"": ""0.3.13"", ""device"": ""cpu"", ""idf"": false, ""lang"": ""pt"", ""metrics_version"": ""1.0"", ""model"": ""xlm-roberta-base"", ""num_layers"": 9, ""rescale_with_baseline"": false, ""torch_version"": ""2.2.2"", ""transformers_version"": ""4.44.2""}",strong,0.9532060623168945,0.9302216172218323,0.9415736198425293
1.0,7c0dee939979842cb9174c0c032b260421ed41056cded2c93436cfa37b819a2a,88,58ace29b9f8b3cb967f14df5045aabe9eba65830deafd8b8e133174b71a214f9,16282e64c71088220b61d39384f7658d3ced2499faad346d3a42f70d85058c80,"{""bert_score_version"": ""0.3.13"", ""device"": ""cpu"", ""idf"": false, ""lang"": ""pt"", ""metrics_version"": ""1.0"", ""model"": ""xlm-roberta-base"", ""num_layers"": 9, ""rescale_with_baseline"": false, ""torch_version"": ""2.2.2"", ""transformers_version"": ""4.44.2""}",natural,0.9172254800796509,0.9129515290260315,0.9150834679603577
1.0,7c0dee939979842cb9174c0c032b260421ed41056cded2c93436cfa37b819a2a,88,58ace29b9f8b3cb967f14df5045aabe9eba65830deafd8b8e133174b71a214f9,aef5a4222620597977e7557c64d400195de1ada2d0e9e87e26cf4824056f44f2,"{""bert_score_version"": ""0.3.13"", ""device"": ""cpu"", ""idf"": false, ""lang"": ""pt"", ""metrics_version"": ""1.0"", ""model"": ""xlm-roberta-base"", ""num_layers"": 9, ""rescale_with_baseline"": false, ""torch_version"": ""2.2.2"", ""transformers_version"": ""4.44.2""}",strong,0.9173468351364136,0.9136914014816284,0.9155154228210449
1.0,7c0dee939979842cb9174c0c032b260421ed41056cded2c93436cfa37b819a2a,89,99ab573424736fb7be6daec21e0a1807a76c35724360daaf9057ce9760efbaef,10842e1b8c7c02eb59a38dece576943736222117f6bdd5cacbbe5d4cb38a374b,"{""bert_score_version"": ""0.3.13"", ""device"": ""cpu"", ""idf"": false, ""lang"": ""pt"", ""metrics_version"": ""1.0"", ""model"": ""xlm-roberta-base"", ""num_layers"": 9, ""rescale_with_baseline"": false, ""torch_version"": ""2.2.2"", ""transformers_version"": ""4.44.2""}",natural,0.9443525075912476,0.9083988666534424,0.9260268807411194
1.0,7c0dee939979842cb9174c0c032b260421ed41056cded2c93436cfa37b819a2a,89,99ab573424736fb7be6daec21e0a1807a76c35724360daaf9057ce9760efbaef,ed87bc67f8b9a912600c793445a3b89cc71e83da4855f6068d93a4b2d50e71f7,"{""bert_score_version"": ""0.3.13"", ""device"": ""cpu"", ""idf"": false, ""lang"": ""pt"", ""metrics_version"": ""1.0"", ""model"": ""xlm-roberta-base"", ""num_layers"": 9, ""rescale_with_baseline"": false, ""torch_version"": ""2.2.2"", ""transformers_version"": ""4.44.2""}",strong,0.9438565969467163,0.9052006602287292,0.9241245985031128
1.0,7c0dee939979842cb9174c0c032b260421ed41056cded2c93436cfa37b819a2a,90,56b510bb6a2e42c06931e47742a725ee9cde685834ef269a4b708f6c4f0e67a2,ebf52ce0178cf7b5c56bd018c3ea4ca179e215a498bf99bc0ea0a6f3ad79ab60,"{""bert_score_version"": ""0.3.13"", ""device"": ""cpu"", ""idf"": false, ""lang"": ""pt"", ""metrics_version"": ""1.0"", ""model"": ""xlm-roberta-base"", ""num_layers"": 9, ""rescale_with_baseline"": false, ""torch_version"": ""2.2.2"", ""transformers_version"": ""4.44.2""}",natural,0.9283815622329712,0.9224574565887451,0.9254100322723389
1.0,7c0dee939979842cb9174c0c032b260421ed41056cded2c93436cfa37b819a2a,90,56b510bb6a2e42c06931e47742a725ee9cde685834ef269a4b708f6c4f0e67a2,bdf1152f17aaf325043688e198e64bcfad84d01a84b9dffe0da52149a2465b04,"{""bert_score_version"": ""0.3.13"", ""device"": ""cpu"", ""idf"": false, ""lang"": ""pt"", ""metrics_version"": ""1.0"", ""model"": ""xlm-roberta-base"", ""num_layers"": 9, ""rescale_with_baseline"": false, ""torch_version"": ""2.2.2"", ""transformers_version"": ""4.44.2""}",strong,0.9091509580612183,0.9027573466300964,0.9059429168701172
1.0,7c0dee939979842cb9174c0c032b260421ed41056cded2c93436cfa37b819a2a,91,e82fd376f710ad6ebc209949dcda7e2e8baba6fce8a202702d204091a2e1233d,74ee09cec33edbd86a9a26ccbafba474ba371496987e8c48dad37b71f2af6143,"{""bert_score_version"": ""0.3.13"", ""device"": ""cpu"", ""idf"": false, ""lang"": ""pt"", ""metrics_version"": ""1.0"", ""model"": ""xlm-roberta-base"", ""num_layers"": 9, ""rescale_with_baseline"": false, ""torch_version"": ""2.2.2"", ""transformers_version"": ""4.44.2""}",natural,0.9599656462669373,0.9371597766876221,0.9484256505966187
1.0,7c0dee939979842cb9174c0c032b260421ed41056cded2c93436cfa37b819a2a,91,e82fd376f710ad6ebc209949dcda7e2e8baba6fce8a202702d204091a2e1233d,9955c26814326914353f2bc7c18eb7210b927b6679047b8a3c9246159e3afd3d,"{""bert_score_version"": ""0.3.13"", ""device"": ""cpu"", ""idf"": false, ""lang"": ""pt"", ""metrics_version"": ""1.0"", ""model"": ""xlm-roberta-base"", ""num_layers"": 9, ""rescale_with_baseline"": false, ""torch_version"": ""2.2.2"", ""transformers_version"": ""4.44.2""}",strong,0.955189049243927,0.9241799712181091,0.9394286870956421
1.0,7c0dee939979842cb9174c0c032b260421ed41056cded2c93436cfa37b819a2a,92,70f9a530af1dfde4dba1e2eeb1fefd6f0605ab53a4c4be4107337a0815e0e18b,eb0cc2a907a27b23aad2ef19dfcfee8dd15b494ec011130ea85d877f4fd70d12,"{""bert_score_version"": ""0.3.13"", ""device"": ""cpu"", ""idf"": false, ""lang"": ""pt"", ""metrics_version"": ""1.0"", ""model"": ""xlm-roberta-base"", ""num_layers"": 9, ""rescale_with_baseline"": false, ""torch_version"": ""2.2.2"", ""transformers_version"": ""4.44.2""}",natural,0.958196222782135,0.9392322897911072,0.9486194849014282
1.0,7c0dee939979842cb9174c0c032b260421ed41056cded2c93436cfa37b819a2a,92,70f9a530af1dfde4dba1e2eeb1fefd6f0605ab53a4c4be4107337a0815e0e18b,8c095c67ab243a2e93f0e6bd9d12911a573d98740b05b0d4eb1190f3d13df296,"{""bert_score_version"": ""0.3.13"", ""device"": ""cpu"", ""idf"": false, ""lang"": ""pt"", ""metrics_version"": ""1.0"", ""model"": ""xlm-roberta-base"", ""num_layers"": 9, ""rescale_with_baseline"": false, ""torch_version"": ""2.2.2"", ""transformers_version"": ""4.44.2""}",strong,0.9375078678131104,0.890092670917511,0.9131852388381958
1.0,7c0dee939979842cb9174c0c032b260421ed41056cded2c93436cfa37b819a2a,93,8920b8cb6952db84c3699cba2535e20156e83d05bd817d705939d5a88ce7b69d,c8af4243765e0d923ccc4854d8b4f108be0f7ec02795a2f0f42f9ddbaa5c5fa0,"{""bert_score_version"": ""0.3.13"", ""device"": ""cpu"", ""idf"": false, ""lang"": ""pt"", ""metrics_version"": ""1.0"", ""model"": ""xlm-roberta-base"", ""num_layers"": 9, ""rescale_with_baseline"": false, ""torch_version"": ""2.2.2"", ""transformers_version"": ""4.44.2""}",natural,0.9685406684875488,0.9544062614440918,0.9614214897155762
1.0,7c0dee939979842cb9174c0c032b260421ed41056cded2c93436cfa37b819a2a,93,8920b8cb6952db84c3699cba2535e20156e83d05bd817d705939d5a88ce7b69d,da91d45d4950f2048999f85b5d639378272026997db14d4db01c2506a90827b4,"{""bert_score_version"": ""0.3.13"", ""device"": ""cpu"", ""idf"": false, ""lang"": ""pt"", ""metrics_version"": ""1.0"", ""model"": ""xlm-roberta-base"", ""num_layers"": 9, ""rescale_with_baseline"": false, ""torch_version"": ""2.2.2"", ""transformers_version"": ""4.44.2""}",strong,0.9490967392921448,0.9132583141326904,0.9308327436447144
1.0,7c0dee939979842cb9174c0c032b260421ed41056cded2c93436cfa37b819a2a,94,cbbcafaf28a18782d484341df7944dcf4cb76b790357241dce9137fc32e859ee,a466009d0c3dbd574d3751772368a0d6c2bb9487762382f1239725272affa314,"{""bert_score_version"": ""0.3.13"", ""device"": ""cpu"", ""idf"": false, ""lang"": ""pt"", ""metrics_version"": ""1.0"", ""model"": ""xlm-roberta-base"", ""num_layers"": 9, ""rescale_with_baseline"": false, ""torch_version"": ""2.2.2"", ""transformers_version"": ""4.44.2""}",natural,0.969565749168396,0.9677543640136719,0.9686592221260071
1.0,7c0dee939979842cb9174c0c032b260421ed41056cded2c93436cfa37b819a2a,94,cbbcafaf28a18782d484341df7944dcf4cb76b790357241dce9137fc32e859ee,c527557d3a87ac6f1d82632843fbaac31e1c809957dfe2c30a5cf64c495bddf1,"{""bert_score_version"": ""0.3.13"", ""device"": ""cpu"", ""idf"": false, ""lang"": ""pt"", ""metrics_version"": ""1.0"", ""model"": ""xlm-roberta-base"", ""num_layers"": 9, ""rescale_with_baseline"": false, ""torch_version"": ""2.2.2"", ""transformers_version"": ""4.44.2""}",strong,0.9300912618637085,0.9171823859214783,0.9235917925834656
1.0,7c0dee939979842cb9174c0c032b260421ed41056cded2c93436cfa37b819a2a,95,67d0e97857b063de71fbfea1ec929e44770ff0db7b01ca7991a57cb341c40c2c,eb8d8c86a14e87855877814d039a7ab2b33ffaf07b78d526cf8b994ae844f9a2,"{""bert_score_version"": ""0.3.13"", ""device"": ""cpu"", ""idf"": false, ""lang"": ""pt"", ""metrics_version"": ""1.0"", ""model"": ""xlm-roberta-base"", ""num_layers"": 9, ""rescale_with_baseline"": false, ""torch_version"": ""2.2.2"", ""transformers_version"": ""4.44.2""}",natural,0.9704141020774841,0.9681378602981567,0.969274640083313
1.0,7c0dee939979842cb9174c0c032b260421ed41056cded2c93436cfa37b819a2a,95,67d0e97857b063de71fbfea1ec929e44770ff0db7b01ca7991a57cb341c40c2c,d0d145ed97807d9f10f269c526ed75a25c3560598f7e62857f52bf92ffd27bc8,"{""bert_score_version"": ""0.3.13"", ""device"": ""cpu"", ""idf"": false, ""lang"": ""pt"", ""metrics_version"": ""1.0"", ""model"": ""xlm-roberta-base"", ""num_layers"": 9, ""rescale_with_baseline"": false, ""torch_version"": ""2.2.2"", ""transformers_version"": ""4.44.2""}",strong,0.9036599397659302,0.9006866216659546,0.9021708369255066
1.0,7c0dee939979842cb9174c0c032b260421ed41056cded2c93436cfa37b819a2a,96,cf3a35b6d442604aff4741d88aa1fd9e8cd17b5edc22fd084f004568bb7cb6ce,9b2f7f92bb75d4029ae49d34fd3405c2cebb059a81f1e5b836bb785e9cdd5fe3,"{""bert_score_version"": ""0.3.13"", ""device"": ""cpu"", ""idf"": false, ""lang"": ""pt"", ""metrics_version"": ""1.0"", ""model"": ""xlm-roberta-base"", ""num_layers"": 9, ""rescale_with_baseline"": false, ""torch_version"": ""2.2.2"", ""transformers_version"": ""4.44.2""}",natural,0.9688348174095154,0.9669473171234131,0.9678900837898254
1.0,7c0dee939979842cb9174c0c032b260421ed41056cded2c93436cfa37b819a2a,96,cf3a35b6d442604aff4741d88aa1fd9e8cd17b5edc22fd084f004568bb7cb6ce,62ef14c07add007e354a9af792c2a4478d35d915b0690e98d8bc8b5d7bf85f6d,"{""bert_score_version"": ""0.3.13"", ""device"": ""cpu"", ""idf"": false, ""lang"": ""pt"", ""metrics_version"": ""1.0"", ""model"": ""xlm-roberta-base"", ""num_layers"": 9, ""rescale_with_baseline"": false, ""torch_version"": ""2.2.2"", ""transformers_version"": ""4.44.2""}",strong,0.9331156611442566,0.924628734588623,0.9288527965545654
1.0,7c0dee939979842cb9174c0c032b260421ed41056cded2c93436cfa37b819a2a,97,b9c8fad1a8186cac411d7faf93cb34c7ab026ac5a8de089427d5bec6042436c7,8162a4a045a9d8000f0289f1274fcd671803e86e724a6cdef520292f6b7e7c58,"{""bert_score_version"": ""0.3.13"", ""device"": ""cpu"", ""idf"": false, ""lang"": ""pt"", ""metrics_version"": ""1.0"", ""model"": ""xlm-roberta-base"", ""num_layers"": 9, ""rescale_with_baseline"": false, ""torch_version"": ""2.2.2"", ""transformers_version"": ""4.44.2""}",natural,0.9695334434509277,0.9650312066078186,0.9672771096229553
1.0,7c0dee939979842cb9174c0c032b260421ed41056cded2c93436cfa37b819a2a,97,b9c8fad1a8186cac411d7faf93cb34c7ab026ac5a8de089427d5bec6042436c7,2aa0f4a2f4f07fd438f0a00c2af36670d5b1a92d72fe3635605b172c8d9365d8,"{""bert_score_version"": ""0.3.13"", ""device"": ""cpu"", ""idf"": false, ""lang"": ""pt"", ""metrics_version"": ""1.0"", ""model"": ""xlm-roberta-base"", ""num_layers"": 9, ""rescale_with_baseline"": false, ""torch_version"": ""2.2.2"", ""transformers_version"": ""4.44.2""}",strong,0.9467003345489502,0.9307414293289185,0.9386530518531799
1.0,7c0dee939979842cb9174c0c032b260421ed41056cded2c93436cfa37b819a2a,98,9deb87b19fcf312e8ae720c93dd624023342262eabcafb439e6ac961137b0566,a2d8513667768ebbe492997bace292344ea80e1d6c34cd2f1a7e927786ef13f7,"{""bert_score_version"": ""0.3.13"", ""device"": ""cpu"", ""idf"": false, ""lang"": ""pt"", ""metrics_version"": ""1.0"", ""model"": ""xlm-roberta-base"", ""num_layers"": 9, ""rescale_with_baseline"": false, ""torch_version"": ""2.2.2"", ""transformers_version"": ""4.44.2""}",natural,0.9600769281387329,0.9429043531417847,0.9514132142066956
1.0,7c0dee939979842cb9174c0c032b260421ed41056cded2c93436cfa37b819a2a,98,9deb87b19fcf312e8ae720c93dd624023342262eabcafb439e6ac961137b0566,ec933cf31d9c35961ae6262f00b1ec56edf61705d4d61a59733f2d6fdb67fa33,"{""bert_score_version"": ""0.3.13"", ""device"": ""cpu"", ""idf"": false, ""lang"": ""pt"", ""metrics_version"": ""1.0"", ""model"": ""xlm-roberta-base"", ""num_layers"": 9, ""rescale_with_baseline"": false, ""torch_version"": ""2.2.2"", ""transformers_version"": ""4.44.2""}",strong,0.947292149066925,0.9211348295211792,0.9340303540229797
1.0,7c0dee939979842cb9174c0c032b260421ed41056cded2c93436cfa37b819a2a,99,821e34dc2a8141e6165bfcc5f2f0fee4ff1491e49179f090d95eff8d5217a26e,ba0e6d8233da4fce40eec0d8965095b752223a3ab23d3b8de93f53939febcacc,"{""bert_score_version"": ""0.3.13"", ""device"": ""cpu"", ""idf"": false, ""lang"": ""pt"", ""metrics_version"": ""1.0"", ""model"": ""xlm-roberta-base"", ""num_layers"": 9, ""rescale_with_baseline"": false, ""torch_version"": ""2.2.2"", ""transformers_version"": ""4.44.2""}",natural,0.961121141910553,0.9583316445350647,0.9597243666648865
1.0,7c0dee939979842cb9174c0c032b260421ed41056cded2c93436cfa37b819a2a,99,821e34dc2a8141e6165bfcc5f2f0fee4ff1491e49179f090d95eff8d5217a26e,2ab7a27b6ce5297d1dd02ed7b40fc9003d4ba68214f397b6912d0c201bbe3578,"{""bert_score_version"": ""0.3.13"", ""device"": ""cpu"", ""idf"": false, ""lang"": ""pt"", ""metrics_version"": ""1.0"", ""model"": ""xlm-roberta-base"", ""num_layers"": 9, ""rescale_with_baseline"": false, ""torch_version"": ""2.2.2"", ""transformers_version"": ""4.44.2""}",strong,0.9484496116638184,0.9344711303710938,0.9414084553718567
1.0,7c0dee939979842cb9174c0c032b260421ed41056cded2c93436cfa37b819a2a,100,0b2c0c24ee51b13f2492def803505dab17378cbc7ae80eb93fc392e960c62968,71249342f2edddaa22584bc78498af658d9bbbeb36b356a491e899cf19afbfce,"{""bert_score_version"": ""0.3.13"", ""device"": ""cpu"", ""idf"": false, ""lang"": ""pt"", ""metrics_version"": ""1.0"", ""model"": ""xlm-roberta-base"", ""num_layers"": 9, ""rescale_with_baseline"": false, ""torch_version"": ""2.2.2"", ""transformers_version"": ""4.44.2""}",natural,0.977867841720581,0.9768832921981812,0.977375328540802
1.0,7c0dee939979842cb9174c0c032b260421ed41056cded2c93436cfa37b819a2a,100,0b2c0c24ee51b13f2492def803505dab17378cbc7ae80eb93fc392e960c62968,96f4449b0d716c6255ccb495f6568d7468f6cab154bf3ae5eb136788de73a1a9,"{""bert_score_version"": ""0.3.13"", ""device"": ""cpu"", ""idf"": false, ""lang"": ""pt"", ""metrics_version"": ""1.0"", ""model"": ""xlm-roberta-base"", ""num_layers"": 9, ""rescale_with_baseline"": false, ""torch_version"": ""2.2.2"", ""transformers_version"": ""4.44.2""}",strong,0.9312551617622375,0.9214345812797546,0.9263188242912292
1.0,7c0dee939979842cb9174c0c032b260421ed41056cded2c93436cfa37b819a2a,101,aac51c3159977e6f1f0b2a104c5267800da0e43f9725269e51217146ad286c05,8d914e35726b9fa7ddcf14a82d17bde8bed5d88ec64e4522c4cd04240f4b60ee,"{""bert_score_version"": ""0.3.13"", ""device"": ""cpu"", ""idf"": false, ""lang"": ""pt"", ""metrics_version"": ""1.0"", ""model"": ""xlm-roberta-base"", ""num_layers"": 9, ""rescale_with_baseline"": false, ""torch_version"": ""2.2.2"", ""transformers_version"": ""4.44.2""}",natural,0.9656795263290405,0.9497717022895813,0.9576595425605774
1.0,7c0dee939979842cb9174c0c032b260421ed41056cded2c93436cfa37b819a2a,101,aac51c3159977e6f1f0b2a104c5267800da0e43f9725269e51217146ad286c05,7bad5d9161b76b029cf046d7f0d404fbeb615ac49acb35c9b8a70149b1479ba2,"{""bert_score_version"": ""0.3.13"", ""device"": ""cpu"", ""idf"": false, ""lang"": ""pt"", ""metrics_version"": ""1.0"", ""model"": ""xlm-roberta-base"", ""num_layers"": 9, ""rescale_with_baseline"": false, ""torch_version"": ""2.2.2"", ""transformers_version"": ""4.44.2""}",strong,0.9544181823730469,0.9270997643470764,0.9405606389045715
1.0,7c0dee939979842cb9174c0c032b260421ed41056cded2c93436cfa37b819a2a,102,7fdcbfffb71511a65d5430f21673c7afb656b91f369a5a23872771eb8ca45439,4db5250578ebc28d93e8c2cc75b8708ec4f601ef75ae1785e08f08bf9f783105,"{""bert_score_version"": ""0.3.13"", ""device"": ""cpu"", ""idf"": false, ""lang"": ""pt"", ""metrics_version"": ""1.0"", ""model"": ""xlm-roberta-base"", ""num_layers"": 9, ""rescale_with_baseline"": false, ""torch_version"": ""2.2.2"", ""transformers_version"": ""4.44.2""}",natural,0.9252933263778687,0.9250097870826721,0.9251514673233032
1.0,7c0dee939979842cb9174c0c032b260421ed41056cded2c93436cfa37b819a2a,102,7fdcbfffb71511a65d5430f21673c7afb656b91f369a5a23872771eb8ca45439,d65effe2a809e4aaaf12316a91c40209cf1932c7d9f4df7c392f38aa9d803221,"{""bert_score_version"": ""0.3.13"", ""device"": ""cpu"", ""idf"": false, ""lang"": ""pt"", ""metrics_version"": ""1.0"", ""model"": ""xlm-roberta-base"", ""num_layers"": 9, ""rescale_with_baseline"": false, ""torch_version"": ""2.2.2"", ""transformers_version"": ""4.44.2""}",strong,0.9069603681564331,0.907293975353241,0.9071271419525146
1.0,7c0dee939979842cb9174c0c032b260421ed41056cded2c93436cfa37b819a2a,103,c3e1a2753f867af967a082ffaf49977b2fb79b0778e9abb2cc42423d5e560bcd,4c35059ddaf811604331abb3783320a936f45555aab05d5c73486389def4d9bf,"{""bert_score_version"": ""0.3.13"", ""device"": ""cpu"", ""idf"": false, ""lang"": ""pt"", ""metrics_version"": ""1.0"", ""model"": ""xlm-roberta-base"", ""num_layers"": 9, ""rescale_with_baseline"": false, ""torch_version"": ""2.2.2"", ""transformers_version"": ""4.44.2""}",natural,0.9501163959503174,0.9456577301025391,0.947881817817688
1.0,7c0dee939979842cb9174c0c032b260421ed41056cded2c93436cfa37b819a2a,103,c3e1a2753f867af967a082ffaf49977b2fb79b0778e9abb2cc42423d5e560bcd,5362b87864cb9eaee0894d3751d22103c4f1483b652e5153980060130ceb21ed,"{""bert_score_version"": ""0.3.13"", ""device"": ""cpu"", ""idf"": false, ""lang"": ""pt"", ""metrics_version"": ""1.0"", ""model"": ""xlm-roberta-base"", ""num_layers"": 9, ""rescale_with_baseline"": false, ""torch_version"": ""2.2.2"", ""transformers_version"": ""4.44.2""}",strong,0.9160568118095398,0.9084345102310181,0.9122297763824463
1.0,7c0dee939979842cb9174c0c032b260421ed41056cded2c93436cfa37b819a2a,104,9060cdcfd25841478fc807868cd04b2cadf000b869ee7b11a7e92242971c1a80,82d1f9d92be29f94a12e50400757b0e4be24b1ad6fcdd0aeb0aa0ed354d8f15b,"{""bert_score_version"": ""0.3.13"", ""device"": ""cpu"", ""idf"": false, ""lang"": ""pt"", ""metrics_version"": ""1.0"", ""model"": ""xlm-roberta-base"", ""num_layers"": 9, ""rescale_with_baseline"": false, ""torch_version"": ""2.2.2"", ""transformers_version"": ""4.44.2""}",natural,0.9577043056488037,0.9427909851074219,0.9501891732215881
1.0,7c0dee939979842cb9174c0c032b260421ed41056cded2c93436cfa37b819a2a,104,9060cdcfd25841478fc807868cd04b2cadf000b869ee7b11a7e92242971c1a80,89d18cbde9ad9c0f77a1b18eef0a19ba620dfbb9baf5d6ac221a485858ca3a81,"{""bert_score_version"": ""0.3.13"", ""device"": ""cpu"", ""idf"": false, ""lang"": ""pt"", ""metrics_version"": ""1.0"", ""model"": ""xlm-roberta-base"", ""num_layers"": 9, ""rescale_with_baseline"": false, ""torch_version"": ""2.2.2"", ""transformers_version"": ""4.44.2""}",strong,0.9349760413169861,0.9078781604766846,0.9212278723716736
1.0,7c0dee939979842cb9174c0c032b260421ed41056cded2c93436cfa37b819a2a,105,1a5e8c19167c9535f96ce0ed666fe10863c8429ae8ae5bc2ded6cd1a44765c5a,ba9f404d778293e21f6c9d3e96c755c23155f1198d9df8224a9e55a39ffcfd74,"{""bert_score_version"": ""0.3.13"", ""device"": ""cpu"", ""idf"": false, ""lang"": ""pt"", ""metrics_version"": ""1.0"", ""model"": ""xlm-roberta-base"", ""num_layers"": 9, ""rescale_with_baseline"": false, ""torch_version"": ""2.2.2"", ""transformers_version"": ""4.44.2""}",natural,0.9463189244270325,0.9235124588012695,0.9347766041755676
1.0,7c0dee939979842cb9174c0c032b260421ed41056cded2c93436cfa37b819a2a,105,1a5e8c19167c9535f96ce0ed666fe10863c8429ae8ae5bc2ded6cd1a44765c5a,632cf90fbd43082a2b5970f5af29fd572f985d99d94deba9f4b08f00dc80b496,"{""bert_score_version"": ""0.3.13"", ""device"": ""cpu"", ""idf"": false, ""lang"": ""pt"", ""metrics_version"": ""1.0"", ""model"": ""xlm-roberta-base"", ""num_layers"": 9, ""rescale_with_baseline"": false, ""torch_version"": ""2.2.2"", ""transformers_version"": ""4.44.2""}",strong,0.9439886212348938,0.9212706685066223,0.9324913024902344
1.0,7c0dee939979842cb9174c0c032b260421ed41056cded2c93436cfa37b819a2a,106,54154c3c2ab25fd02a330caef8cd62f5ddabe55193fe5741cd3bb51ed3b97ea9,ee97e21e821ee300f27132e95eda956191218feaabee08fce75fda51397c7e1f,"{""bert_score_version"": ""0.3.13"", ""device"": ""cpu"", ""idf"": false, ""lang"": ""pt"", ""metrics_version"": ""1.0"", ""model"": ""xlm-roberta-base"", ""num_layers"": 9, ""rescale_with_baseline"": false, ""torch_version"": ""2.2.2"", ""transformers_version"": ""4.44.2""}",natural,0.9402337670326233,0.9292765855789185,0.9347230195999146
1.0,7c0dee939979842cb9174c0c032b260421ed41056cded2c93436cfa37b819a2a,106,54154c3c2ab25fd02a330caef8cd62f5ddabe55193fe5741cd3bb51ed3b97ea9,066a5aa122cbeece48b9b1dd062c0662fbda484370ce31d3d62933955081d798,"{""bert_score_version"": ""0.3.13"", ""device"": ""cpu"", ""idf"": false, ""lang"": ""pt"", ""metrics_version"": ""1.0"", ""model"": ""xlm-roberta-base"", ""num_layers"": 9, ""rescale_with_baseline"": false, ""torch_version"": ""2.2.2"", ""transformers_version"": ""4.44.2""}",strong,0.9370178580284119,0.9247236251831055,0.9308301210403442
1.0,7c0dee939979842cb9174c0c032b260421ed41056cded2c93436cfa37b819a2a,107,68f44ba12120a029a13ce5ca6e6229bca28d156f16f1f855d7536c6afda4ec7f,add32d642be005ec4944b3f08de5cbfb4942fd81651a30572aea1e2bdd9b97fe,"{""bert_score_version"": ""0.3.13"", ""device"": ""cpu"", ""idf"": false, ""lang"": ""pt"", ""metrics_version"": ""1.0"", ""model"": ""xlm-roberta-base"", ""num_layers"": 9, ""rescale_with_baseline"": false, ""torch_version"": ""2.2.2"", ""transformers_version"": ""4.44.2""}",natural,0.9534423351287842,0.9496748447418213,0.9515548348426819
1.0,7c0dee939979842cb9174c0c032b260421ed41056cded2c93436cfa37b819a2a,107,68f44ba12120a029a13ce5ca6e6229bca28d156f16f1f855d7536c6afda4ec7f,ccc86bd988c636f379a5ad3dc9efe993feb06a2a5fb3273460f852feb816cda1,"{""bert_score_version"": ""0.3.13"", ""device"": ""cpu"", ""idf"": false, ""lang"": ""pt"", ""metrics_version"": ""1.0"", ""model"": ""xlm-roberta-base"", ""num_layers"": 9, ""rescale_with_baseline"": false, ""torch_version"": ""2.2.2"", ""transformers_version"": ""4.44.2""}",strong,0.9168643951416016,0.9142975807189941,0.9155791401863098
1.0,7c0dee939979842cb9174c0c032b260421ed41056cded2c93436cfa37b819a2a,108,60093fdd7ea6afcb8cd78091bb2b4bafbc577bd3af9c5d0b90b745c3f3664d79,994fa7a649afa6ed3adbf6f15c112332e4576ad200301728a13a5d1d45dfa658,"{""bert_score_version"": ""0.3.13"", ""device"": ""cpu"", ""idf"": false, ""lang"": ""pt"", ""metrics_version"": ""1.0"", ""model"": ""xlm-roberta-base"", ""num_layers"": 9, ""rescale_with_baseline"": false, ""torch_version"": ""2.2.2"", ""transformers_version"": ""4.44.2""}",natural,0.9439947605133057,0.9420388340950012,0.9430158138275146
1.0,7c0dee939979842cb9174c0c032b260421ed41056cded2c93436cfa37b819a2a,108,60093fdd7ea6afcb8cd78091bb2b4bafbc577bd3af9c5d0b90b745c3f3664d79,c4030aea1311a919c81507b19f32c4dd698a784f508ccc7643901a703ef85e50,"{""bert_score_version"": ""0.3.13"", ""device"": ""cpu"", ""idf"": false, ""lang"": ""pt"", ""metrics_version"": ""1.0"", ""model"": ""xlm-roberta-base"", ""num_layers"": 9, ""rescale_with_baseline"": false, ""torch_version"": ""2.2.2"", ""transformers_version"": ""4.44.2""}",strong,0.920845627784729,0.9070600867271423,0.9139009118080139
1.0,7c0dee939979842cb9174c0c032b260421ed41056cded2c93436cfa37b819a2a,109,d940c884064c8caac22722c50c6d1671784cf90abaeb0e3711617690a464c021,82d39b397a8019079f9e320d369cca8fedafb24f7e091feaf02622bbc45e8b59,"{""bert_score_version"": ""0.3.13"", ""device"": ""cpu"", ""idf"": false, ""lang"": ""pt"", ""metrics_version"": ""1.0"", ""model"": ""xlm-roberta-base"", ""num_layers"": 9, ""rescale_with_baseline"": false, ""torch_version"": ""2.2.2"", ""transformers_version"": ""4.44.2""}",natural,0.9497740864753723,0.9485816359519958,0.9491775035858154
1.0,7c0dee939979842cb9174c0c032b260421ed41056cded2c93436cfa37b819a2a,109,d940c884064c8caac22722c50c6d1671784cf90abaeb0e3711617690a464c021,d566807c1e8af04d31e2be86852c888a8ca675591b532033bfaa05388e7ea152,"{""bert_score_version"": ""0.3.13"", ""device"": ""cpu"", ""idf"": false, ""lang"": ""pt"", ""metrics_version"": ""1.0"", ""model"": ""xlm-roberta-base"", ""num_layers"": 9, ""rescale_with_baseline"": false, ""torch_version"": ""2.2.2"", ""transformers_version"": ""4.44.2""}",strong,0.9191334247589111,0.9065227508544922,0.9127845168113708
1.0,7c0dee939979842cb9174c0c032b260421ed41056cded2c93436cfa37b819a2a,110,2bd2a4db4c567e0f9c3c799ce2c2e8255a735ae89650e8f1edd59a140d3c0804,715e500c063f9e925b1509a2ed826e05bc01cb6afb330d7ae6affe2edfbb07c4,"{""bert_score_version"": ""0.3.13"", ""device"": ""cpu"", ""idf"": false, ""lang"": ""pt"", ""metrics_version"": ""1.0"", ""model"": ""xlm-roberta-base"", ""num_layers"": 9, ""rescale_with_baseline"": false, ""torch_version"": ""2.2.2"", ""transformers_version"": ""4.44.2""}",natural,0.946165919303894,0.9277336001396179,0.936859130859375
1.0,7c0dee939979842cb9174c0c032b260421ed41056cded2c93436cfa37b819a2a,110,2bd2a4db4c567e0f9c3c799ce2c2e8255a735ae89650e8f1edd59a140d3c0804,397cd5b7cec6ec85e6bf499d949f7388837dffc0e10329bc763482f1954f46e4,"{""bert_score_version"": ""0.3.13"", ""device"": ""cpu"", ""idf"": false, ""lang"": ""pt"", ""metrics_version"": ""1.0"", ""model"": ""xlm-roberta-base"", ""num_layers"": 9, ""rescale_with_baseline"": false, ""torch_version"": ""2.2.2"", ""transformers_version"": ""4.44.2""}",strong,0.9412293434143066,0.9180406332015991,0.9294903874397278
1.0,7c0dee939979842cb9174c0c032b260421ed41056cded2c93436cfa37b819a2a,111,0b183115d15615a1a08693da93db2fbab0decc48dd53f3951ea7a7bfb1bc6404,4f15fd693b1ce4bf07bbf14b536cdbe659fd459ba2dfea320fbbd06af740b018,"{""bert_score_version"": ""0.3.13"", ""device"": ""cpu"", ""idf"": false, ""lang"": ""pt"", ""metrics_version"": ""1.0"", ""model"": ""xlm-roberta-base"", ""num_layers"": 9, ""rescale_with_baseline"": false, ""torch_version"": ""2.2.2"", ""transformers_version"": ""4.44.2""}",natural,0.9133467674255371,0.9114190340042114,0.9123818874359131
1.0,7c0dee939979842cb9174c0c032b260421ed41056cded2c93436cfa37b819a2a,111,0b183115d15615a1a08693da93db2fbab0decc48dd53f3951ea7a7bfb1bc6404,4960876489a3b5274d95531688b855f00e7f64cc454bee9a6532054aca7c5d1b,"{""bert_score_version"": ""0.3.13"", ""device"": ""cpu"", ""idf"": false, ""lang"": ""pt"", ""metrics_version"": ""1.0"", ""model"": ""xlm-roberta-base"", ""num_layers"": 9, ""rescale_with_baseline"": false, ""torch_version"": ""2.2.2"", ""transformers_version"": ""4.44.2""}",strong,0.9095800518989563,0.904130220413208,0.9068470001220703
1.0,7c0dee939979842cb9174c0c032b260421ed41056cded2c93436cfa37b819a2a,112,0065c7ddde59f353cfef3cee7f2c85c5303adda9951d14f33a83426eb58d5c9a,ab2c6e07cf1418fa2f96aa0043ac92d0a37b81c4b0b3c936cac2ab3fa9c81ae9,"{""bert_score_version"": ""0.3.13"", ""device"": ""cpu"", ""idf"": false, ""lang"": ""pt"", ""metrics_version"": ""1.0"", ""model"": ""xlm-roberta-base"", ""num_layers"": 9, ""rescale_with_baseline"": false, ""torch_version"": ""2.2.2"", ""transformers_version"": ""4.44.2""}",natural,0.9464161992073059,0.9255281686782837,0.9358556270599365
1.0,7c0dee939979842cb9174c0c032b260421ed41056cded2c93436cfa37b819a2a,112,0065c7ddde59f353cfef3cee7f2c85c5303adda9951d14f33a83426eb58d5c9a,c530bf926293d6343b0991bf4c99f42e06b0adcfc5f72c8396db2f45504b2919,"{""bert_score_version"": ""0.3.13"", ""device"": ""cpu"", ""idf"": false, ""lang"": ""pt"", ""metrics_version"": ""1.0"", ""model"": ""xlm-roberta-base"", ""num_layers"": 9, ""rescale_with_baseline"": false, ""torch_version"": ""2.2.2"", ""transformers_version"": ""4.44.2""}",strong,0.9422814846038818,0.9219242334365845,0.931991696357727
1.0,7c0dee939979842cb9174c0c032b260421ed41056cded2c93436cfa37b819a2a,113,f07a4204778f4b8a031e4b76cf9b0f75c12d54815b7f929ad80cc4a4f77030af,d50f84c86cfc42248c0fc40f711716426360d9857c6693bb97e137305bd050e3,"{""bert_score_version"": ""0.3.13"", ""device"": ""cpu"", ""idf"": false, ""lang"": ""pt"", ""metrics_version"": ""1.0"", ""model"": ""xlm-roberta-base"", ""num_layers"": 9, ""rescale_with_baseline"": false, ""torch_version"": ""2.2.2"", ""transformers_version"": ""4.44.2""}",natural,0.9620028138160706,0.945553719997406,0.9537073373794556
1.0,7c0dee939979842cb9174c0c032b260421ed41056cded2c93436cfa37b819a2a,113,f07a4204778f4b8a031e4b76cf9b0f75c12d54815b7f929ad80cc4a4f77030af,b24b0c5de0bca2c9fb04d1a31ede99ee4f363504b70397d0d87fa9a8196f1ca7,"{""bert_score_version"": ""0.3.13"", ""device"": ""cpu"", ""idf"": false, ""lang"": ""pt"", ""metrics_version"": ""1.0"", ""model"": ""xlm-roberta-base"", ""num_layers"": 9, ""rescale_with_baseline"": false, ""torch_version"": ""2.2.2"", ""transformers_version"": ""4.44.2""}",strong,0.9467722177505493,0.9254396557807922,0.9359843730926514
1.0,7c0dee939979842cb9174c0c032b260421ed41056cded2c93436cfa37b819a2a,114,64d5fdff5d95b6c32cf087e389d4484331355426aa83d18c8201c250b9915613,f808216f6ba1d9c08a6f0bd3efc7d08d97eae148b7e868b907f4e8c9074b3137,"{""bert_score_version"": ""0.3.13"", ""device"": ""cpu"", ""idf"": false, ""lang"": ""pt"", ""metrics_version"": ""1.0"", ""model"": ""xlm-roberta-base"", ""num_layers"": 9, ""rescale_with_baseline"": false, ""torch_version"": ""2.2.2"", ""transformers_version"": ""4.44.2""}",natural,0.9406938552856445,0.9357642531394958,0.9382225275039673
1.0,7c0dee939979842cb9174c0c032b260421ed41056cded2c93436cfa37b819a2a,114,64d5fdff5d95b6c32cf087e389d4484331355426aa83d18c8201c250b9915613,0a9b4bfe69bbbf65c840b32641a72cafe373f05e9350c2cc1c5821ad2bf8c4b9,"{""bert_score_version"": ""0.3.13"", ""device"": ""cpu"", ""idf"": false, ""lang"": ""pt"", ""metrics_version"": ""1.0"", ""model"": ""xlm-roberta-base"", ""num_layers"": 9, ""rescale_with_baseline"": false, ""torch_version"": ""2.2.2"", ""transformers_version"": ""4.44.2""}",strong,0.9303165078163147,0.9219591617584229,0.9261190295219421
1.0,7c0dee939979842cb9174c0c032b260421ed41056cded2c93436cfa37b819a2a,115,160e8dd3bb64e17564eab1846f81c127765810c12d2dcc72f1a21b72f9df6c70,0130182f8269de14f55ab09090a194dc8e3fce5f4d3e5de617a9c36f84de56aa,"{""bert_score_version"": ""0.3.13"", ""device"": ""cpu"", ""idf"": false, ""lang"": ""pt"", ""metrics_version"": ""1.0"", ""model"": ""xlm-roberta-base"", ""num_layers"": 9, ""rescale_with_baseline"": false, ""torch_version"": ""2.2.2"", ""transformers_version"": ""4.44.2""}",natural,0.9487264156341553,0.928345263004303,0.9384251832962036
1.0,7c0dee939979842cb9174c0c032b260421ed41056cded2c93436cfa37b819a2a,115,160e8dd3bb64e17564eab1846f81c127765810c12d2dcc72f1a21b72f9df6c70,04672c247b368554279d06d46a6d1c19643693feb7146387f08db805c4f36900,"{""bert_score_version"": ""0.3.13"", ""device"": ""cpu"", ""idf"": false, ""lang"": ""pt"", ""metrics_version"": ""1.0"", ""model"": ""xlm-roberta-base"", ""num_layers"": 9, ""rescale_with_baseline"": false, ""torch_version"": ""2.2.2"", ""transformers_version"": ""4.44.2""}",strong,0.9370222687721252,0.910993218421936,0.9238244295120239
1.0,7c0dee939979842cb9174c0c032b260421ed41056cded2c93436cfa37b819a2a,116,bff2c4e1651707ea6774808c715e93e08d3dfb55c8ea7a64a6ac98ef02494e17,82d051e8ddc910912858a4fec29e7dedda2f2e4998d9d3ee9d1b86684073196b,"{""bert_score_version"": ""0.3.13"", ""device"": ""cpu"", ""idf"": false, ""lang"": ""pt"", ""metrics_version"": ""1.0"", ""model"": ""xlm-roberta-base"", ""num_layers"": 9, ""rescale_with_baseline"": false, ""torch_version"": ""2.2.2"", ""transformers_version"": ""4.44.2""}",natural,0.9605555534362793,0.9449858665466309,0.9527071118354797
1.0,7c0dee939979842cb9174c0c032b260421ed41056cded2c93436cfa37b819a2a,116,bff2c4e1651707ea6774808c715e93e08d3dfb55c8ea7a64a6ac98ef02494e17,dca1c8519217c1cf6e6f52cdb29a3ab87d796fba59297700c67ae7e3f2557e62,"{""bert_score_version"": ""0.3.13"", ""device"": ""cpu"", ""idf"": false, ""lang"": ""pt"", ""metrics_version"": ""1.0"", ""model"": ""xlm-roberta-base"", ""num_layers"": 9, ""rescale_with_baseline"": false, ""torch_version"": ""2.2.2"", ""transformers_version"": ""4.44.2""}",strong,0.957288384437561,0.9336206912994385,0.9453064203262329
1.0,7c0dee939979842cb9174c0c032b260421ed41056cded2c93436cfa37b819a2a,117,e870d246127b5a6c2351492c4d52bc74565388ef4a655be65218473eef996f61,e89d3bc18dfced461c645b8ca6bbbc30255f3b3666ec1bc29e3d5558d742eb0f,"{""bert_score_version"": ""0.3.13"", ""device"": ""cpu"", ""idf"": false, ""lang"": ""pt"", ""metrics_version"": ""1.0"", ""model"": ""xlm-roberta-base"", ""num_layers"": 9, ""rescale_with_baseline"": false, ""torch_version"": ""2.2.2"", ""transformers_version"": ""4.44.2""}",natural,0.949627161026001,0.9155394434928894,0.9322717785835266
1.0,7c0dee939979842cb9174c0c032b260421ed41056cded2c93436cfa37b819a2a,117,e870d246127b5a6c2351492c4d52bc74565388ef4a655be65218473eef996f61,704c0794b17b3dc112089f792fbe35e80f70bbf72cd5fec87ee3053dc4c668c5,"{""bert_score_version"": ""0.3.13"", ""device"": ""cpu"", ""idf"": false, ""lang"": ""pt"", ""metrics_version"": ""1.0"", ""model"": ""xlm-roberta-base"", ""num_layers"": 9, ""rescale_with_baseline"": false, ""torch_version"": ""2.2.2"", ""transformers_version"": ""4.44.2""}",strong,0.9485242962837219,0.9152677655220032,0.9315993189811707
1.0,7c0dee939979842cb9174c0c032b260421ed41056cded2c93436cfa37b819a2a,118,e771e74b0f84e00aa024b9fe8c69f5c4585f38cc1127da797ef6cfe326d193ab,1b91f98bc709e2f63c3ca1dbf3c5bec3687ff7836f7c6d82828d8128f0b1e0f4,"{""bert_score_version"": ""0.3.13"", ""device"": ""cpu"", ""idf"": false, ""lang"": ""pt"", ""metrics_version"": ""1.0"", ""model"": ""xlm-roberta-base"", ""num_layers"": 9, ""rescale_with_baseline"": false, ""torch_version"": ""2.2.2"", ""transformers_version"": ""4.44.2""}",natural,0.9535009264945984,0.929036557674408,0.9411097764968872
1.0,7c0dee939979842cb9174c0c032b260421ed41056cded2c93436cfa37b819a2a,118,e771e74b0f84e00aa024b9fe8c69f5c4585f38cc1127da797ef6cfe326d193ab,f3581bc959f2bd54a4ca616197f967ac587dd662d4a8485476edc7a69ee5baf5,"{""bert_score_version"": ""0.3.13"", ""device"": ""cpu"", ""idf"": false, ""lang"": ""pt"", ""metrics_version"": ""1.0"", ""model"": ""xlm-roberta-base"", ""num_layers"": 9, ""rescale_with_baseline"": false, ""torch_version"": ""2.2.2"", ""transformers_version"": ""4.44.2""}",strong,0.944135844707489,0.9074051976203918,0.9254062175750732
1.0,7c0dee939979842cb9174c0c032b260421ed41056cded2c93436cfa37b819a2a,119,91f3c6ea5388e7993dafb2f08436d5444943ffe28af09b2477ee4437881325a0,34e1724fc65ec78e7db426f4b8a4d48a02ef7f211d9ba58bc7843ccef040ef07,"{""bert_score_version"": ""0.3.13"", ""device"": ""cpu"", ""idf"": false, ""lang"": ""pt"", ""metrics_version"": ""1.0"", ""model"": ""xlm-roberta-base"", ""num_layers"": 9, ""rescale_with_baseline"": false, ""torch_version"": ""2.2.2"", ""transformers_version"": ""4.44.2""}",natural,0.9552323818206787,0.9395727515220642,0.947337806224823
1.0,7c0dee939979842cb9174c0c032b260421ed41056cded2c93436cfa37b819a2a,119,91f3c6ea5388e7993dafb2f08436d5444943ffe28af09b2477ee4437881325a0,bfbe2b42f8068b0f2a76c55f267a9585ea3b5e7cf888c4f37b68b21e9b4ff074,"{""bert_score_version"": ""0.3.13"", ""device"": ""cpu"", ""idf"": false, ""lang"": ""pt"", ""metrics_version"": ""1.0"", ""model"": ""xlm-roberta-base"", ""num_layers"": 9, ""rescale_with_baseline"": false, ""torch_version"": ""2.2.2"", ""transformers_version"": ""4.44.2""}",strong,0.9474143981933594,0.9172886610031128,0.9321081638336182
1.0,7c0dee939979842cb9174c0c032b260421ed41056cded2c93436cfa37b819a2a,120,dd81bf65b60ebfa95e6b04f84514dbc05ea72dd76edd50c5947ac967bad94e79,27cd980ab12547f6e84cd51893a0d58271a527e809e9407e44a320c6fa0d097d,"{""bert_score_version"": ""0.3.13"", ""device"": ""cpu"", ""idf"": false, ""lang"": ""pt"", ""metrics_version"": ""1.0"", ""model"": ""xlm-roberta-base"", ""num_layers"": 9, ""rescale_with_baseline"": false, ""torch_version"": ""2.2.2"", ""transformers_version"": ""4.44.2""}",natural,0.9498757719993591,0.9297426342964172,0.9397013783454895
1.0,7c0dee939979842cb9174c0c032b260421ed41056cded2c93436cfa37b819a2a,120,dd81bf65b60ebfa95e6b04f84514dbc05ea72dd76edd50c5947ac967bad94e79,2fb983701947744c85b7e3700a0b61f1ddeca96b415f3e649e345ea63c2dc3a2,"{""bert_score_version"": ""0.3.13"", ""device"": ""cpu"", ""idf"": false, ""lang"": ""pt"", ""metrics_version"": ""1.0"", ""model"": ""xlm-roberta-base"", ""num_layers"": 9, ""rescale_with_baseline"": false, ""torch_version"": ""2.2.2"", ""transformers_version"": ""4.44.2""}",strong,0.9384925961494446,0.9160839319229126,0.9271528720855713
1.0,7c0dee939979842cb9174c0c032b260421ed41056cded2c93436cfa37b819a2a,121,33502940edbcdeb81c791a16cd6f4ce7a4acc72d790b9e0ac3934d04d6b0e3d5,41bfdb92cdfbd2d7654f25609de04e92d8c559d9b9687093dbd3142f26db7df9,"{""bert_score_version"": ""0.3.13"", ""device"": ""cpu"", ""idf"": false, ""lang"": ""pt"", ""metrics_version"": ""1.0"", ""model"": ""xlm-roberta-base"", ""num_layers"": 9, ""rescale_with_baseline"": false, ""torch_version"": ""2.2.2"", ""transformers_version"": ""4.44.2""}",natural,0.9582045078277588,0.9385433793067932,0.9482720494270325
1.0,7c0dee939979842cb9174c0c032b260421ed41056cded2c93436cfa37b819a2a,121,33502940edbcdeb81c791a16cd6f4ce7a4acc72d790b9e0ac3934d04d6b0e3d5,e10fd991b1912af18c8cd67c095a62f685c7e6548804727067def6eaedb51b7f,"{""bert_score_version"": ""0.3.13"", ""device"": ""cpu"", ""idf"": false, ""lang"": ""pt"", ""metrics_version"": ""1.0"", ""model"": ""xlm-roberta-base"", ""num_layers"": 9, ""rescale_with_baseline"": false, ""torch_version"": ""2.2.2"", ""transformers_version"": ""4.44.2""}",strong,0.9423566460609436,0.897344708442688,0.9192999601364136
1.0,7c0dee939979842cb9174c0c032b260421ed41056cded2c93436cfa37b819a2a,122,d759810fe57471229f1ae52da82460351a180a8234cc191860bfcd29f8145ced,d50be7840f75923a75fd3b851562c02cd6159be530cada0f72e95d621ff2c191,"{""bert_score_version"": ""0.3.13"", ""device"": ""cpu"", ""idf"": false, ""lang"": ""pt"", ""metrics_version"": ""1.0"", ""model"": ""xlm-roberta-base"", ""num_layers"": 9, ""rescale_with_baseline"": false, ""torch_version"": ""2.2.2"", ""transformers_version"": ""4.44.2""}",natural,0.961829423904419,0.9466438889503479,0.9541762471199036
1.0,7c0dee939979842cb9174c0c032b260421ed41056cded2c93436cfa37b819a2a,122,d759810fe57471229f1ae52da82460351a180a8234cc191860bfcd29f8145ced,64220ed550c6b2bda8c0f8987f7177faa968b03471607159db6249cf77bce3f3,"{""bert_score_version"": ""0.3.13"", ""device"": ""cpu"", ""idf"": false, ""lang"": ""pt"", ""metrics_version"": ""1.0"", ""model"": ""xlm-roberta-base"", ""num_layers"": 9, ""rescale_with_baseline"": false, ""torch_version"": ""2.2.2"", ""transformers_version"": ""4.44.2""}",strong,0.9467239379882812,0.9190415143966675,0.9326773881912231
1.0,7c0dee939979842cb9174c0c032b260421ed41056cded2c93436cfa37b819a2a,123,6cfff0119aae8dda37ef2dd5651ef8b8379e07394ad83990301b1783c5825928,6b767b123ff55d562e7d4699b7fb7869848d3fa4aa6bcac9d23bee1ea54679c2,"{""bert_score_version"": ""0.3.13"", ""device"": ""cpu"", ""idf"": false, ""lang"": ""pt"", ""metrics_version"": ""1.0"", ""model"": ""xlm-roberta-base"", ""num_layers"": 9, ""rescale_with_baseline"": false, ""torch_version"": ""2.2.2"", ""transformers_version"": ""4.44.2""}",natural,0.9640031456947327,0.9428624510765076,0.9533156156539917
1.0,7c0dee939979842cb9174c0c032b260421ed41056cded2c93436cfa37b819a2a,123,6cfff0119aae8dda37ef2dd5651ef8b8379e07394ad83990301b1783c5825928,124389979ee0998ac74c9fce66aca18f5b2c9cd622c9d2e19bcfdd67e7cb9fa7,"{""bert_score_version"": ""0.3.13"", ""device"": ""cpu"", ""idf"": false, ""lang"": ""pt"", ""metrics_version"": ""1.0"", ""model"": ""xlm-roberta-base"", ""num_layers"": 9, ""rescale_with_baseline"": false, ""torch_version"": ""2.2.2"", ""transformers_version"": ""4.44.2""}",strong,0.9304566383361816,0.8925216197967529,0.9110944271087646
1.0,7c0dee939979842cb9174c0c032b260421ed41056cded2c93436cfa37b819a2a,124,678c39e3033e52cee6b06377fdc5624fd4948634394e1ee25ea00bc955e8775b,bf85d7a83f039e3223e61aeb890bef9ae0c1542ff2f847eb50f31db4ad82e5be,"{""bert_score_version"": ""0.3.13"", ""device"": ""cpu"", ""idf"": false, ""lang"": ""pt"", ""metrics_version"": ""1.0"", ""model"": ""xlm-roberta-base"", ""num_layers"": 9, ""rescale_with_baseline"": false, ""torch_version"": ""2.2.2"", ""transformers_version"": ""4.44.2""}",natural,0.9752792716026306,0.9663075804710388,0.9707726836204529
1.0,7c0dee939979842cb9174c0c032b260421ed41056cded2c93436cfa37b819a2a,124,678c39e3033e52cee6b06377fdc5624fd4948634394e1ee25ea00bc955e8775b,4555011e89effad380e1230a471dc4062fa3eec5f1695d4a906821897b15e4ca,"{""bert_score_version"": ""0.3.13"", ""device"": ""cpu"", ""idf"": false, ""lang"": ""pt"", ""metrics_version"": ""1.0"", ""model"": ""xlm-roberta-base"", ""num_layers"": 9, ""rescale_with_baseline"": false, ""torch_version"": ""2.2.2"", ""transformers_version"": ""4.44.2""}",strong,0.9489409923553467,0.9156815409660339,0.9320146441459656
1.0,7c0dee939979842cb9174c0c032b260421ed41056cded2c93436cfa37b819a2a,125,26537c8e88562ce3ca2f47d9feed28b9e4dba6a30e718fd6dfa136c1a3d55b62,2e387c64d27259b69dc62b2615b09c626569ed5dc1cc015ae7b54bf874be6c77,"{""bert_score_version"": ""0.3.13"", ""device"": ""cpu"", ""idf"": false, ""lang"": ""pt"", ""metrics_version"": ""1.0"", ""model"": ""xlm-roberta-base"", ""num_layers"": 9, ""rescale_with_baseline"": false, ""torch_version"": ""2.2.2"", ""transformers_version"": ""4.44.2""}",natural,0.9527647495269775,0.9348011612892151,0.9436975121498108
1.0,7c0dee939979842cb9174c0c032b260421ed41056cded2c93436cfa37b819a2a,125,26537c8e88562ce3ca2f47d9feed28b9e4dba6a30e718fd6dfa136c1a3d55b62,c9e8fd226fa8a0085be36ce1d84a14256caebc993013a2ceec3ad98067dbef80,"{""bert_score_version"": ""0.3.13"", ""device"": ""cpu"", ""idf"": false, ""lang"": ""pt"", ""metrics_version"": ""1.0"", ""model"": ""xlm-roberta-base"", ""num_layers"": 9, ""rescale_with_baseline"": false, ""torch_version"": ""2.2.2"", ""transformers_version"": ""4.44.2""}",strong,0.9473891258239746,0.9253932237625122,0.9362620115280151
1.0,7c0dee939979842cb9174c0c032b260421ed41056cded2c93436cfa37b819a2a,126,3ec90d262721404bb595815d753a1cdfa00c7eac8cb9075d24781f880561da4c,0c9ab858ef7d7c37dba002657453ea43ff1cc7e150fa2940a5603f1c105e72f6,"{""bert_score_version"": ""0.3.13"", ""device"": ""cpu"", ""idf"": false, ""lang"": ""pt"", ""metrics_version"": ""1.0"", ""model"": ""xlm-roberta-base"", ""num_layers"": 9, ""rescale_with_baseline"": false, ""torch_version"": ""2.2.2"", ""transformers_version"": ""4.44.2""}",natural,0.9713403582572937,0.9680488109588623,0.9696917533874512
1.0,7c0dee939979842cb9174c0c032b260421ed41056cded2c93436cfa37b819a2a,126,3ec90d262721404bb595815d753a1cdfa00c7eac8cb9075d24781f880561da4c,13c7be328569c58ffbed0edda0be19fe927e4d08c62b31acdeddd0a5dc273df3,"{""bert_score_version"": ""0.3.13"", ""device"": ""cpu"", ""idf"": false, ""lang"": ""pt"", ""metrics_version"": ""1.0"", ""model"": ""xlm-roberta-base"", ""num_layers"": 9, ""rescale_with_baseline"": false, ""torch_version"": ""2.2.2"", ""transformers_version"": ""4.44.2""}",strong,0.9359309077262878,0.9173850417137146,0.9265651702880859
1.0,7c0dee939979842cb9174c0c032b260421ed41056cded2c93436cfa37b819a2a,127,6cbd728f33925056ebf61f58edbac3e48a51393a01d7025371243c249ebb7b2b,d739b49a6620d0e57fe57269c31f0dc49ab640ce781a9a6cda992aa6a1607d96,"{""bert_score_version"": ""0.3.13"", ""device"": ""cpu"", ""idf"": false, ""lang"": ""pt"", ""metrics_version"": ""1.0"", ""model"": ""xlm-roberta-base"", ""num_layers"": 9, ""rescale_with_baseline"": false, ""torch_version"": ""2.2.2"", ""transformers_version"": ""4.44.2""}",natural,0.9773647785186768,0.9640769958496094,0.9706754088401794
1.0,7c0dee939979842cb9174c0c032b260421ed41056cded2c93436cfa37b819a2a,127,6cbd728f33925056ebf61f58edbac3e48a51393a01d7025371243c249ebb7b2b,26c31ab5eb3b39e934aca73e1184cd8f428259af20dbde7a8103e8110a079d60,"{""bert_score_version"": ""0.3.13"", ""device"": ""cpu"", ""idf"": false, ""lang"": ""pt"", ""metrics_version"": ""1.0"", ""model"": ""xlm-roberta-base"", ""num_layers"": 9, ""rescale_with_baseline"": false, ""torch_version"": ""2.2.2"", ""transformers_version"": ""4.44.2""}",strong,0.9561665058135986,0.9283404350280762,0.9420480728149414
1.0,7c0dee939979842cb9174c0c032b260421ed41056cded2c93436cfa37b819a2a,128,13033c2f3da8a684d225b859aafaf511dc6a1bf2cb70b74275bc4bdd71421773,28b40e711134163a6bae3ebf928293c9ca26d1f9b1ed41006f153d658ee46092,"{""bert_score_version"": ""0.3.13"", ""device"": ""cpu"", ""idf"": false, ""lang"": ""pt"", ""metrics_version"": ""1.0"", ""model"": ""xlm-roberta-base"", ""num_layers"": 9, ""rescale_with_baseline"": false, ""torch_version"": ""2.2.2"", ""transformers_version"": ""4.44.2""}",natural,0.9835638999938965,0.9819638729095459,0.9827632308006287
1.0,7c0dee939979842cb9174c0c032b260421ed41056cded2c93436cfa37b819a2a,128,13033c2f3da8a684d225b859aafaf511dc6a1bf2cb70b74275bc4bdd71421773,c29a270722cc86d176ba14ce36951c642b437db3307f4c9472b10da4fe79df89,"{""bert_score_version"": ""0.3.13"", ""device"": ""cpu"", ""idf"": false, ""lang"": ""pt"", ""metrics_version"": ""1.0"", ""model"": ""xlm-roberta-base"", ""num_layers"": 9, ""rescale_with_baseline"": false, ""torch_version"": ""2.2.2"", ""transformers_version"": ""4.44.2""}",strong,0.9585837125778198,0.940479040145874,0.9494450688362122
1.0,7c0dee939979842cb9174c0c032b260421ed41056cded2c93436cfa37b819a2a,129,a352dc7a30a161c4166b876dc28d9bf51610a7b7f5b7d429e14856d52d7667e0,f7ab6b987a6affdc86c4ad65b97318edd64bb67dbd8fb2fcc3dbec1fd9b9e021,"{""bert_score_version"": ""0.3.13"", ""device"": ""cpu"", ""idf"": false, ""lang"": ""pt"", ""metrics_version"": ""1.0"", ""model"": ""xlm-roberta-base"", ""num_layers"": 9, ""rescale_with_baseline"": false, ""torch_version"": ""2.2.2"", ""transformers_version"": ""4.44.2""}",natural,0.9786851406097412,0.9763705134391785,0.9775264263153076
1.0,7c0dee939979842cb9174c0c032b260421ed41056cded2c93436cfa37b819a2a,129,a352dc7a30a161c4166b876dc28d9bf51610a7b7f5b7d429e14856d52d7667e0,f803d1d43ba3116465f39d5ea534ce81a58167867ed0b82c0988663f26fb20b0,"{""bert_score_version"": ""0.3.13"", ""device"": ""cpu"", ""idf"": false, ""lang"": ""pt"", ""metrics_version"": ""1.0"", ""model"": ""xlm-roberta-base"", ""num_layers"": 9, ""rescale_with_baseline"": false, ""torch_version"": ""2.2.2"", ""transformers_version"": ""4.44.2""}",strong,0.9478866457939148,0.9227256774902344,0.9351369142532349
1.0,7c0dee939979842cb9174c0c032b260421ed41056cded2c93436cfa37b819a2a,130,820cc740a1ec3719d267d479d0616396a200931129324785ffad5a851cb8471a,02f73a240f5a6a6b8ce38d651e9159bfa43fd68b3ce1235677a647425e6e63ee,"{""bert_score_version"": ""0.3.13"", ""device"": ""cpu"", ""idf"": false, ""lang"": ""pt"", ""metrics_version"": ""1.0"", ""model"": ""xlm-roberta-base"", ""num_layers"": 9, ""rescale_with_baseline"": false, ""torch_version"": ""2.2.2"", ""transformers_version"": ""4.44.2""}",natural,0.9659255743026733,0.9433708190917969,0.9545149207115173
1.0,7c0dee939979842cb9174c0c032b260421ed41056cded2c93436cfa37b819a2a,130,820cc740a1ec3719d267d479d0616396a200931129324785ffad5a851cb8471a,0f45ba0e6b99dfe6067ed14b555136a2623118e5169e5a04a9c6d1fd1f43d3e8,"{""bert_score_version"": ""0.3.13"", ""device"": ""cpu"", ""idf"": false, ""lang"": ""pt"", ""metrics_version"": ""1.0"", ""model"": ""xlm-roberta-base"", ""num_layers"": 9, ""rescale_with_baseline"": false, ""torch_version"": ""2.2.2"", ""transformers_version"": ""4.44.2""}",strong,0.9325394034385681,0.8879672288894653,0.9097077250480652
1.0,7c0dee939979842cb9174c0c032b260421ed41056cded2c93436cfa37b819a2a,131,3aa93fe9da8a501049b5571085350de5bac3d8be88cabf3e640be2a04028e9fc,afdd18fb404b20458c17707c217f155769d6ac9e461fd75dd8e70828970688c5,"{""bert_score_version"": ""0.3.13"", ""device"": ""cpu"", ""idf"": false, ""lang"": ""pt"", ""metrics_version"": ""1.0"", ""model"": ""xlm-roberta-base"", ""num_layers"": 9, ""rescale_with_baseline"": false, ""torch_version"": ""2.2.2"", ""transformers_version"": ""4.44.2""}",natural,0.9479678273200989,0.9350240230560303,0.9414514899253845
1.0,7c0dee939979842cb9174c0c032b260421ed41056cded2c93436cfa37b819a2a,131,3aa93fe9da8a501049b5571085350de5bac3d8be88cabf3e640be2a04028e9fc,a8a4cc1f836eddc0e3dcdc7c1f575ccfb52b11deca727a00a5613a5b1c1c585d,"{""bert_score_version"": ""0.3.13"", ""device"": ""cpu"", ""idf"": false, ""lang"": ""pt"", ""metrics_version"": ""1.0"", ""model"": ""xlm-roberta-base"", ""num_layers"": 9, ""rescale_with_baseline"": false, ""torch_version"": ""2.2.2"", ""transformers_version"": ""4.44.2""}",strong,0.9317948818206787,0.9013943672180176,0.916342556476593
1.0,7c0dee939979842cb9174c0c032b260421ed41056cded2c93436cfa37b819a2a,132,3ee073f0b5cab7bf1b116cbf18ae36679e5831dac2068d1b3d58b349f55893fc,8c332bf87f3cab922a94bc417314615ec06cb5fc94b8851d2385d65980b14ffe,"{""bert_score_version"": ""0.3.13"", ""device"": ""cpu"", ""idf"": false, ""lang"": ""pt"", ""metrics_version"": ""1.0"", ""model"": ""xlm-roberta-base"", ""num_layers"": 9, ""rescale_with_baseline"": false, ""torch_version"": ""2.2.2"", ""transformers_version"": ""4.44.2""}",natural,0.9632155895233154,0.9604762196540833,0.9618440270423889
1.0,7c0dee939979842cb9174c0c032b260421ed41056cded2c93436cfa37b819a2a,132,3ee073f0b5cab7bf1b116cbf18ae36679e5831dac2068d1b3d58b349f55893fc,ff5b2a87f860a392513db85e5d7ac10d7e6f7d2f115fb0f556e5e98849287e42,"{""bert_score_version"": ""0.3.13"", ""device"": ""cpu"", ""idf"": false, ""lang"": ""pt"", ""metrics_version"": ""1.0"", ""model"": ""xlm-roberta-base"", ""num_layers"": 9, ""rescale_with_baseline"": false, ""torch_version"": ""2.2.2"", ""transformers_version"": ""4.44.2""}",strong,0.9053775668144226,0.8957722187042236,0.9005492925643921
1.0,7c0dee939979842cb9174c0c032b260421ed41056cded2c93436cfa37b819a2a,133,be6257a5f6959180fcae1bc593239d3f844ee93de9dcfb6e5dfdfa94563ca7b9,364c6e20a5c8d1d8b310fa46c3b7bc3492f0d24e7917fd93949f2411d1b086e2,"{""bert_score_version"": ""0.3.13"", ""device"": ""cpu"", ""idf"": false, ""lang"": ""pt"", ""metrics_version"": ""1.0"", ""model"": ""xlm-roberta-base"", ""num_layers"": 9, ""rescale_with_baseline"": false, ""torch_version"": ""2.2.2"", ""transformers_version"": ""4.44.2""}",natural,0.9754510521888733,0.9659041166305542,0.9706540703773499
1.0,7c0dee939979842cb9174c0c032b260421ed41056cded2c93436cfa37b819a2a,133,be6257a5f6959180fcae1bc593239d3f844ee93de9dcfb6e5dfdfa94563ca7b9,04f4b4cf0245b7d319c6d5f564e3874917221e634593855ee286e26586e2c6b6,"{""bert_score_version"": ""0.3.13"", ""device"": ""cpu"", ""idf"": false, ""lang"": ""pt"", ""metrics_version"": ""1.0"", ""model"": ""xlm-roberta-base"", ""num_layers"": 9, ""rescale_with_baseline"": false, ""torch_version"": ""2.2.2"", ""transformers_version"": ""4.44.2""}",strong,0.9568787217140198,0.9331895709037781,0.9448856711387634
1.0,7c0dee939979842cb9174c0c032b260421ed41056cded2c93436cfa37b819a2a,134,7e35d717e095f696be27ca23e6afd9adf6c5bd8797c745f1c765986d18f8c19a,d5dd62e922c289995bd1c1ca584c19e0341a48db5174f9907cacb966a7af9acb,"{""bert_score_version"": ""0.3.13"", ""device"": ""cpu"", ""idf"": false, ""lang"": ""pt"", ""metrics_version"": ""1.0"", ""model"": ""xlm-roberta-base"", ""num_layers"": 9, ""rescale_with_baseline"": false, ""torch_version"": ""2.2.2"", ""transformers_version"": ""4.44.2""}",natural,0.9514561295509338,0.95082688331604,0.9511414170265198
1.0,7c0dee939979842cb9174c0c032b260421ed41056cded2c93436cfa37b819a2a,134,7e35d717e095f696be27ca23e6afd9adf6c5bd8797c745f1c765986d18f8c19a,64c670e4607bf338bef208da06262e48d807c477454994caf41cd1aed6a7568f,"{""bert_score_version"": ""0.3.13"", ""device"": ""cpu"", ""idf"": false, ""lang"": ""pt"", ""metrics_version"": ""1.0"", ""model"": ""xlm-roberta-base"", ""num_layers"": 9, ""rescale_with_baseline"": false, ""torch_version"": ""2.2.2"", ""transformers_version"": ""4.44.2""}",strong,0.9054585695266724,0.8913356065750122,0.8983415961265564
1.0,7c0dee939979842cb9174c0c032b260421ed41056cded2c93436cfa37b819a2a,135,28d4c56219b3a987d99e85d78e30101ac6df093ed2c37d21857cf8fe1446c8a0,487a5187dcf95fdb9099c2050213a29f36bc9e2c5854e6bc95625b60573bd4e1,"{""bert_score_version"": ""0.3.13"", ""device"": ""cpu"", ""idf"": false, ""lang"": ""pt"", ""metrics_version"": ""1.0"", ""model"": ""xlm-roberta-base"", ""num_layers"": 9, ""rescale_with_baseline"": false, ""torch_version"": ""2.2.2"", ""transformers_version"": ""4.44.2""}",natural,0.9192097187042236,0.9079651236534119,0.9135527610778809
1.0,7c0dee939979842cb9174c0c032b260421ed41056cded2c93436cfa37b819a2a,135,28d4c56219b3a987d99e85d78e30101ac6df093ed2c37d21857cf8fe1446c8a0,fd97999921d7b692c8ed2aea67f46debd51b3928fd0c6a810fb032f66a3e9089,"{""bert_score_version"": ""0.3.13"", ""device"": ""cpu"", ""idf"": false, ""lang"": ""pt"", ""metrics_version"": ""1.0"", ""model"": ""xlm-roberta-base"", ""num_layers"": 9, ""rescale_with_baseline"": false, ""torch_version"": ""2.2.2"", ""transformers_version"": ""4.44.2""}",strong,0.9048976302146912,0.8930625319480896,0.8989410996437073
1.0,7c0dee939979842cb9174c0c032b260421ed41056cded2c93436cfa37b819a2a,136,2ded7dea31281690051ccbab07a904c608f40d33914219c815712feb0bee2203,b62fb8c9b0409f5b49044c660b51937f7cfc1c1e06a9070f3e38f44e10154a85,"{""bert_score_version"": ""0.3.13"", ""device"": ""cpu"", ""idf"": false, ""lang"": ""pt"", ""metrics_version"": ""1.0"", ""model"": ""xlm-roberta-base"", ""num_layers"": 9, ""rescale_with_baseline"": false, ""torch_version"": ""2.2.2"", ""transformers_version"": ""4.44.2""}",natural,0.9020988345146179,0.8978121280670166,0.8999503254890442
1.0,7c0dee939979842cb9174c0c032b260421ed41056cded2c93436cfa37b819a2a,136,2ded7dea31281690051ccbab07a904c608f40d33914219c815712feb0bee2203,0e624ae4d1d4235defc7a638641bca278f9093578277278fc9d4404026c43382,"{""bert_score_version"": ""0.3.13"", ""device"": ""cpu"", ""idf"": false, ""lang"": ""pt"", ""metrics_version"": ""1.0"", ""model"": ""xlm-roberta-base"", ""num_layers"": 9, ""rescale_with_baseline"": false, ""torch_version"": ""2.2.2"", ""transformers_version"": ""4.44.2""}",strong,0.8948400616645813,0.8874948620796204,0.8911523222923279
1.0,7c0dee939979842cb9174c0c032b260421ed41056cded2c93436cfa37b819a2a,137,c7792d745b0f33116c2a812bafa16946ff5cc46aa33facd2a5d350e24b9939d0,5815ce72cc839215eccfe2e789d7b82da0178664fe368bfb35f794c694e32d9e,"{""bert_score_version"": ""0.3.13"", ""device"": ""cpu"", ""idf"": false, ""lang"": ""pt"", ""metrics_version"": ""1.0"", ""model"": ""xlm-roberta-base"", ""num_layers"": 9, ""rescale_with_baseline"": false, ""torch_version"": ""2.2.2"", ""transformers_version"": ""4.44.2""}",natural,0.9439729452133179,0.9308187365531921,0.9373497366905212
1.0,7c0dee939979842cb9174c0c032b260421ed41056cded2c93436cfa37b819a2a,137,c7792d745b0f33116c2a812bafa16946ff5cc46aa33facd2a5d350e24b9939d0,aebd07bcae59d4d27d89c88ea6930928609302fd3d875ae2e37cb53f1cef1a50,"{""bert_score_version"": ""0.3.13"", ""device"": ""cpu"", ""idf"": false, ""lang"": ""pt"", ""metrics_version"": ""1.0"", ""model"": ""xlm-roberta-base"", ""num_layers"": 9, ""rescale_with_baseline"": false, ""torch_version"": ""2.2.2"", ""transformers_version"": ""4.44.2""}",strong,0.9206719994544983,0.8823621273040771,0.9011101126670837
1.0,7c0dee939979842cb9174c0c032b260421ed41056cded2c93436cfa37b819a2a,138,aa124b3a4689320a0bf925e290d891048b6d7760b215777f8366598201cc6748,56398f6476e5e7abca9834b8063a2e03f8495ccc191c6ef9d4587a8ed9abfdfb,"{""bert_score_version"": ""0.3.13"", ""device"": ""cpu"", ""idf"": false, ""lang"": ""pt"", ""metrics_version"": ""1.0"", ""model"": ""xlm-roberta-base"", ""num_layers"": 9, ""rescale_with_baseline"": false, ""torch_version"": ""2.2.2"", ""transformers_version"": ""4.44.2""}",natural,0.9657894372940063,0.9637057185173035,0.9647464752197266
1.0,7c0dee939979842cb9174c0c032b260421ed41056cded2c93436cfa37b819a2a,138,aa124b3a4689320a0bf925e290d891048b6d7760b215777f8366598201cc6748,9d11b59cfdba587c4140f3daed794721544914008d869a6f4d502bba1a351698,"{""bert_score_version"": ""0.3.13"", ""device"": ""cpu"", ""idf"": false, ""lang"": ""pt"", ""metrics_version"": ""1.0"", ""model"": ""xlm-roberta-base"", ""num_layers"": 9, ""rescale_with_baseline"": false, ""torch_version"": ""2.2.2"", ""transformers_version"": ""4.44.2""}",strong,0.927100419998169,0.9173569679260254,0.922203004360199
1.0,7c0dee939979842cb9174c0c032b260421ed41056cded2c93436cfa37b819a2a,139,2fbfebbd99a41477cedf57ebc3fb7333dde3230e464737e185709a2df0e4b137,e1da3509b5ffe05405b5a80e632e6b1dc638297b19ad082fbde0690ee090891c,"{""bert_score_version"": ""0.3.13"", ""device"": ""cpu"", ""idf"": false, ""lang"": ""pt"", ""metrics_version"": ""1.0"", ""model"": ""xlm-roberta-base"", ""num_layers"": 9, ""rescale_with_baseline"": false, ""torch_version"": ""2.2.2"", ""transformers_version"": ""4.44.2""}",natural,0.9629876613616943,0.9603853225708008,0.9616847038269043
1.0,7c0dee939979842cb9174c0c032b260421ed41056cded2c93436cfa37b819a2a,139,2fbfebbd99a41477cedf57ebc3fb7333dde3230e464737e185709a2df0e4b137,488d018a7763d51bd81bb2090937d408cdd84e70a232ca7a0dadce5579190b4d,"{""bert_score_version"": ""0.3.13"", ""device"": ""cpu"", ""idf"": false, ""lang"": ""pt"", ""metrics_version"": ""1.0"", ""model"": ""xlm-roberta-base"", ""num_layers"": 9, ""rescale_with_baseline"": false, ""torch_version"": ""2.2.2"", ""transformers_version"": ""4.44.2""}",strong,0.9127320647239685,0.9045013785362244,0.9085981249809265
1.0,7c0dee939979842cb9174c0c032b260421ed41056cded2c93436cfa37b819a2a,140,0dc8db1ef8857a4a47395113aec6a7a31eb120e5430b4d57f3bb7059d1b72276,dca320d45bf6fa6a3f5d306bb1d12d5f5e8f7d30892105d466de5a11c083d934,"{""bert_score_version"": ""0.3.13"", ""device"": ""cpu"", ""idf"": false, ""lang"": ""pt"", ""metrics_version"": ""1.0"", ""model"": ""xlm-roberta-base"", ""num_layers"": 9, ""rescale_with_baseline"": false, ""torch_version"": ""2.2.2"", ""transformers_version"": ""4.44.2""}",natural,0.9755295515060425,0.970710277557373,0.9731139540672302
1.0,7c0dee939979842cb9174c0c032b260421ed41056cded2c93436cfa37b819a2a,140,0dc8db1ef8857a4a47395113aec6a7a31eb120e5430b4d57f3bb7059d1b72276,4d757bafa0ada99053e6bf312f9a64bcdaadda073b85b90e64465b8c2b54a484,"{""bert_score_version"": ""0.3.13"", ""device"": ""cpu"", ""idf"": false, ""lang"": ""pt"", ""metrics_version"": ""1.0"", ""model"": ""xlm-roberta-base"", ""num_layers"": 9, ""rescale_with_baseline"": false, ""torch_version"": ""2.2.2"", ""transformers_version"": ""4.44.2""}",strong,0.9461649656295776,0.9159941077232361,0.9308351278305054
1.0,7c0dee939979842cb9174c0c032b260421ed41056cded2c93436cfa37b819a2a,141,7f10c3ea669573460365f202c57799448cd19bb93557040c7b73021f09a41e39,b058e49e7f0d0681cbff950da6bcf4f9244f26e40e762cc1c98b16017700bfac,"{""bert_score_version"": ""0.3.13"", ""device"": ""cpu"", ""idf"": false, ""lang"": ""pt"", ""metrics_version"": ""1.0"", ""model"": ""xlm-roberta-base"", ""num_layers"": 9, ""rescale_with_baseline"": false, ""torch_version"": ""2.2.2"", ""transformers_version"": ""4.44.2""}",natural,0.9718244671821594,0.9610245823860168,0.9663943648338318
1.0,7c0dee939979842cb9174c0c032b260421ed41056cded2c93436cfa37b819a2a,141,7f10c3ea669573460365f202c57799448cd19bb93557040c7b73021f09a41e39,8145f3fc83d80f6e6d94efff85c3efd29ceb82884920bcffb6018f4e5427c893,"{""bert_score_version"": ""0.3.13"", ""device"": ""cpu"", ""idf"": false, ""lang"": ""pt"", ""metrics_version"": ""1.0"", ""model"": ""xlm-roberta-base"", ""num_layers"": 9, ""rescale_with_baseline"": false, ""torch_version"": ""2.2.2"", ""transformers_version"": ""4.44.2""}",strong,0.9321742057800293,0.8886730670928955,0.9099040031433105
1.0,7c0dee939979842cb9174c0c032b260421ed41056cded2c93436cfa37b819a2a,142,160e041861210f6162f53be4f9482ae2c6ece46839ca0ec5265a170c7c362c72,3ae171b934326e7806ef0aeeea7aa496e0d3462243c1c8b4b326290936b5e0a7,"{""bert_score_version"": ""0.3.13"", ""device"": ""cpu"", ""idf"": false, ""lang"": ""pt"", ""metrics_version"": ""1.0"", ""model"": ""xlm-roberta-base"", ""num_layers"": 9, ""rescale_with_baseline"": false, ""torch_version"": ""2.2.2"", ""transformers_version"": ""4.44.2""}",natural,0.9633643627166748,0.9365391135215759,0.9497623443603516
1.0,7c0dee939979842cb9174c0c032b260421ed41056cded2c93436cfa37b819a2a,142,160e041861210f6162f53be4f9482ae2c6ece46839ca0ec5265a170c7c362c72,554f424dcb56dc58f0e1f48864f8d80bb43e547db69497ee9714d779af28203c,"{""bert_score_version"": ""0.3.13"", ""device"": ""cpu"", ""idf"": false, ""lang"": ""pt"", ""metrics_version"": ""1.0"", ""model"": ""xlm-roberta-base"", ""num_layers"": 9, ""rescale_with_baseline"": false, ""torch_version"": ""2.2.2"", ""transformers_version"": ""4.44.2""}",strong,0.9563763737678528,0.8956475853919983,0.9250163435935974
1.0,7c0dee939979842cb9174c0c032b260421ed41056cded2c93436cfa37b819a2a,143,07d31f1cff9485b2dbd4166d3f59a52b9597755ec3db5820e070dc241c1968be,045f2084a068197aff5b2996106ba18164a39f0d3b1f1cb1f1c0def61ce34fb9,"{""bert_score_version"": ""0.3.13"", ""device"": ""cpu"", ""idf"": false, ""lang"": ""pt"", ""metrics_version"": ""1.0"", ""model"": ""xlm-roberta-base"", ""num_layers"": 9, ""rescale_with_baseline"": false, ""torch_version"": ""2.2.2"", ""transformers_version"": ""4.44.2""}",natural,0.9677804708480835,0.9643018245697021,0.9660380482673645
1.0,7c0dee939979842cb9174c0c032b260421ed41056cded2c93436cfa37b819a2a,143,07d31f1cff9485b2dbd4166d3f59a52b9597755ec3db5820e070dc241c1968be,609e695a6eec074e601aaa2d0a20d5fd0f240a4065de9aaac1fc40ad97fc6b7d,"{""bert_score_version"": ""0.3.13"", ""device"": ""cpu"", ""idf"": false, ""lang"": ""pt"", ""metrics_version"": ""1.0"", ""model"": ""xlm-roberta-base"", ""num_layers"": 9, ""rescale_with_baseline"": false, ""torch_version"": ""2.2.2"", ""transformers_version"": ""4.44.2""}",strong,0.9247438907623291,0.9173264503479004,0.9210202693939209
1.0,7c0dee939979842cb9174c0c032b260421ed41056cded2c93436cfa37b819a2a,144,67510686404f7005b4abe97d933870cedee3ae11ee4df2835dc7418a62a9c4b6,84380193f39331469467a13d0304fe7c8b7fc8dd7b54ea687864f351e41a432c,"{""bert_score_version"": ""0.3.13"", ""device"": ""cpu"", ""idf"": false, ""lang"": ""pt"", ""metrics_version"": ""1.0"", ""model"": ""xlm-roberta-base"", ""num_layers"": 9, ""rescale_with_baseline"": false, ""torch_version"": ""2.2.2"", ""transformers_version"": ""4.44.2""}",natural,0.9639465808868408,0.9614607095718384,0.9627020359039307
1.0,7c0dee939979842cb9174c0c032b260421ed41056cded2c93436cfa37b819a2a,144,67510686404f7005b4abe97d933870cedee3ae11ee4df2835dc7418a62a9c4b6,1398f6b745a9e6cc60716d3b08ffa3edb1c4fa2a228871658a841ec6c97e08a2,"{""bert_score_version"": ""0.3.13"", ""device"": ""cpu"", ""idf"": false, ""lang"": ""pt"", ""metrics_version"": ""1.0"", ""model"": ""xlm-roberta-base"", ""num_layers"": 9, ""rescale_with_baseline"": false, ""torch_version"": ""2.2.2"", ""transformers_version"": ""4.44.2""}",strong,0.9400689601898193,0.9093263745307922,0.9244421720504761
1.0,7c0dee939979842cb9174c0c032b260421ed41056cded2c93436cfa37b819a2a,145,07e9b02b501fb086f16849feb826c244f0ba94ea678ef703b61c1a6890e69f1b,b39e4d1eae264c17d1ff7a84cd559b0dc59463e7d77a7ebac866ad7e449ee8a8,"{""bert_score_version"": ""0.3.13"", ""device"": ""cpu"", ""idf"": false, ""lang"": ""pt"", ""metrics_version"": ""1.0"", ""model"": ""xlm-roberta-base"", ""num_layers"": 9, ""rescale_with_baseline"": false, ""torch_version"": ""2.2.2"", ""transformers_version"": ""4.44.2""}",natural,0.9438639879226685,0.9390736818313599,0.9414627552032471
1.0,7c0dee939979842cb9174c0c032b260421ed41056cded2c93436cfa37b819a2a,145,07e9b02b501fb086f16849feb826c244f0ba94ea678ef703b61c1a6890e69f1b,9d0013fa7310bba99c8225bf768399ffb8e58388792ca22585011bdb6f1358e1,"{""bert_score_version"": ""0.3.13"", ""device"": ""cpu"", ""idf"": false, ""lang"": ""pt"", ""metrics_version"": ""1.0"", ""model"": ""xlm-roberta-base"", ""num_layers"": 9, ""rescale_with_baseline"": false, ""torch_version"": ""2.2.2"", ""transformers_version"": ""4.44.2""}",strong,0.8984034061431885,0.8887670636177063,0.8935592770576477
1.0,7c0dee939979842cb9174c0c032b260421ed41056cded2c93436cfa37b819a2a,146,3d1b7fe70150a474cd09ef6fd33c93ceba4d56a207a46e08f4614a2accc90ab3,0f2ebb2fda97f68c3b78fef0928be1ae7354f9d48bd7dd4cadbec6f6129b0a72,"{""bert_score_version"": ""0.3.13"", ""device"": ""cpu"", ""idf"": false, ""lang"": ""pt"", ""metrics_version"": ""1.0"", ""model"": ""xlm-roberta-base"", ""num_layers"": 9, ""rescale_with_baseline"": false, ""torch_version"": ""2.2.2"", ""transformers_version"": ""4.44.2""}",natural,0.9672921895980835,0.9536866545677185,0.9604412317276001
1.0,7c0dee939979842cb9174c0c032b260421ed41056cded2c93436cfa37b819a2a,146,3d1b7fe70150a474cd09ef6fd33c93ceba4d56a207a46e08f4614a2accc90ab3,fb533435e175ac17d9f62dd59c7d70da73cd549df8f410e24e76d468aeeff520,"{""bert_score_version"": ""0.3.13"", ""device"": ""cpu"", ""idf"": false, ""lang"": ""pt"", ""metrics_version"": ""1.0"", ""model"": ""xlm-roberta-base"", ""num_layers"": 9, ""rescale_with_baseline"": false, ""torch_version"": ""2.2.2"", ""transformers_version"": ""4.44.2""}",strong,0.9428913593292236,0.903745174407959,0.9229033589363098
1.0,7c0dee939979842cb9174c0c032b260421ed41056cded2c93436cfa37b819a2a,147,248c97eefd9be2a7f1887f7d1f766843d002095f1208ffc0e836a5dee7c3bc99,66c421214d464692194dbebcee4d1e3c037f0848a9f73ee065ad44bc521bbd8c,"{""bert_score_version"": ""0.3.13"", ""device"": ""cpu"", ""idf"": false, ""lang"": ""pt"", ""metrics_version"": ""1.0"", ""model"": ""xlm-roberta-base"", ""num_layers"": 9, ""rescale_with_baseline"": false, ""torch_version"": ""2.2.2"", ""transformers_version"": ""4.44.2""}",natural,0.9640512466430664,0.9561344981193542,0.9600765109062195
1.0,7c0dee939979842cb9174c0c032b260421ed41056cded2c93436cfa37b819a2a,147,248c97eefd9be2a7f1887f7d1f766843d002095f1208ffc0e836a5dee7c3bc99,b2decab6568afb6bef9b1b42a1d967d3710ac9f3ab8b578f6ef72a53bbb51bbd,"{""bert_score_version"": ""0.3.13"", ""device"": ""cpu"", ""idf"": false, ""lang"": ""pt"", ""metrics_version"": ""1.0"", ""model"": ""xlm-roberta-base"", ""num_layers"": 9, ""rescale_with_baseline"": false, ""torch_version"": ""2.2.2"", ""transformers_version"": ""4.44.2""}",strong,0.9296559691429138,0.9001469612121582,0.9146634936332703
1.0,7c0dee939979842cb9174c0c032b260421ed41056cded2c93436cfa37b819a2a,148,93ecfa5682b34facc9d3434a1b49cc0eb9e565fff6c59e310ffe6865e42ede6b,71bc0c01f1738f1a1f83144e34b2b87cec223227b1f839bf6856729064b55c91,"{""bert_score_version"": ""0.3.13"", ""device"": ""cpu"", ""idf"": false, ""lang"": ""pt"", ""metrics_version"": ""1.0"", ""model"": ""xlm-roberta-base"", ""num_layers"": 9, ""rescale_with_baseline"": false, ""torch_version"": ""2.2.2"", ""transformers_version"": ""4.44.2""}",natural,0.9703354835510254,0.9553245306015015,0.962771475315094
1.0,7c0dee939979842cb9174c0c032b260421ed41056cded2c93436cfa37b819a2a,148,93ecfa5682b34facc9d3434a1b49cc0eb9e565fff6c59e310ffe6865e42ede6b,8949cb4c38b55672eb18ed6dbbbdadd42fc1680b7ee288411962660e4a92d276,"{""bert_score_version"": ""0.3.13"", ""device"": ""cpu"", ""idf"": false, ""lang"": ""pt"", ""metrics_version"": ""1.0"", ""model"": ""xlm-roberta-base"", ""num_layers"": 9, ""rescale_with_baseline"": false, ""torch_version"": ""2.2.2"", ""transformers_version"": ""4.44.2""}",strong,0.9456040263175964,0.8985828161239624,0.9214940071105957
1.0,7c0dee939979842cb9174c0c032b260421ed41056cded2c93436cfa37b819a2a,149,cd9781f862831fac75bada0f481dddd101b01da869dfde2233be83a98c1fe55e,c769683f0affb5b4b45f5baf2629ef6ca7dcdfa34d91f2b92d8fb7d11c3af004,"{""bert_score_version"": ""0.3.13"", ""device"": ""cpu"", ""idf"": false, ""lang"": ""pt"", ""metrics_version"": ""1.0"", ""model"": ""xlm-roberta-base"", ""num_layers"": 9, ""rescale_with_baseline"": false, ""torch_version"": ""2.2.2"", ""transformers_version"": ""4.44.2""}",natural,0.9502118825912476,0.9319905042648315,0.9410130381584167
1.0,7c0dee939979842cb9174c0c032b260421ed41056cded2c93436cfa37b819a2a,149,cd9781f862831fac75bada0f481dddd101b01da869dfde2233be83a98c1fe55e,f734d484a4379c09ccadd073d3279b00b39390bace49f0f103c4d5ca69741777,"{""bert_score_version"": ""0.3.13"", ""device"": ""cpu"", ""idf"": false, ""lang"": ""pt"", ""metrics_version"": ""1.0"", ""model"": ""xlm-roberta-base"", ""num_layers"": 9, ""rescale_with_baseline"": false, ""torch_version"": ""2.2.2"", ""transformers_version"": ""4.44.2""}",strong,0.9165307879447937,0.8750036954879761,0.895285964012146
1.0,7c0dee939979842cb9174c0c032b260421ed41056cded2c93436cfa37b819a2a,150,d60192b3980762ea54f9289a384a7e2029f043d59db80cbec91d6c6342303d01,d3b685dc2c095446c7969403184191806384568c88dd0cf91a05b0f6b9d02432,"{""bert_score_version"": ""0.3.13"", ""device"": ""cpu"", ""idf"": false, ""lang"": ""pt"", ""metrics_version"": ""1.0"", ""model"": ""xlm-roberta-base"", ""num_layers"": 9, ""rescale_with_baseline"": false, ""torch_version"": ""2.2.2"", ""transformers_version"": ""4.44.2""}",natural,0.9304513931274414,0.9141435623168945,0.9222254157066345
1.0,7c0dee939979842cb9174c0c032b260421ed41056cded2c93436cfa37b819a2a,150,d60192b3980762ea54f9289a384a7e2029f043d59db80cbec91d6c6342303d01,03136c380fe0fa679a3d9ce7c5e31eee2aaa20d418c08d8465790bf6c32857de,"{""bert_score_version"": ""0.3.13"", ""device"": ""cpu"", ""idf"": false, ""lang"": ""pt"", ""metrics_version"": ""1.0"", ""model"": ""xlm-roberta-base"", ""num_layers"": 9, ""rescale_with_baseline"": false, ""torch_version"": ""2.2.2"", ""transformers_version"": ""4.44.2""}",strong,0.9203245639801025,0.8906358480453491,0.9052368998527527
1.0,7c0dee939979842cb9174c0c032b260421ed41056cded2c93436cfa37b819a2a,151,500a56d4caf9c47e77fe2826af3e86ad00eea14d8bdbe7f863cc20c3740a0690,f34a6c9ac2ddeb5cb04bfa65a994eb47ac8cb2f3496cf880ef68f09105ffd30a,"{""bert_score_version"": ""0.3.13"", ""device"": ""cpu"", ""idf"": false, ""lang"": ""pt"", ""metrics_version"": ""1.0"", ""model"": ""xlm-roberta-base"", ""num_layers"": 9, ""rescale_with_baseline"": false, ""torch_version"": ""2.2.2"", ""transformers_version"": ""4.44.2""}",natural,0.9522738456726074,0.9456292390823364,0.9489399194717407
1.0,7c0dee939979842cb9174c0c032b260421ed41056cded2c93436cfa37b819a2a,151,500a56d4caf9c47e77fe2826af3e86ad00eea14d8bdbe7f863cc20c3740a0690,66ebd5ce473c8de8bd5f219c08841a0ab2fd565e9afcd2cc5ebafc8dd66be46e,"{""bert_score_version"": ""0.3.13"", ""device"": ""cpu"", ""idf"": false, ""lang"": ""pt"", ""metrics_version"": ""1.0"", ""model"": ""xlm-roberta-base"", ""num_layers"": 9, ""rescale_with_baseline"": false, ""torch_version"": ""2.2.2"", ""transformers_version"": ""4.44.2""}",strong,0.9051873683929443,0.8923641443252563,0.8987299799919128
1.0,7c0dee939979842cb9174c0c032b260421ed41056cded2c93436cfa37b819a2a,152,e4f995ab480e946b845ba605cb54e6e61fe04652f9368c4cb987cf35ba7ab214,92ce73d02836de2ae05372f11df50064d4828c13c19eed24590c00c7d9db7b53,"{""bert_score_version"": ""0.3.13"", ""device"": ""cpu"", ""idf"": false, ""lang"": ""pt"", ""metrics_version"": ""1.0"", ""model"": ""xlm-roberta-base"", ""num_layers"": 9, ""rescale_with_baseline"": false, ""torch_version"": ""2.2.2"", ""transformers_version"": ""4.44.2""}",natural,0.9706416130065918,0.9683661460876465,0.9695025086402893
1.0,7c0dee939979842cb9174c0c032b260421ed41056cded2c93436cfa37b819a2a,152,e4f995ab480e946b845ba605cb54e6e61fe04652f9368c4cb987cf35ba7ab214,cdac883fe3f36103b05650fde26ab326a20dfba1c7cb3ca0490fd3cc94f2894a,"{""bert_score_version"": ""0.3.13"", ""device"": ""cpu"", ""idf"": false, ""lang"": ""pt"", ""metrics_version"": ""1.0"", ""model"": ""xlm-roberta-base"", ""num_layers"": 9, ""rescale_with_baseline"": false, ""torch_version"": ""2.2.2"", ""transformers_version"": ""4.44.2""}",strong,0.9347989559173584,0.925257682800293,0.930003821849823
1.0,7c0dee939979842cb9174c0c032b260421ed41056cded2c93436cfa37b819a2a,153,6c4edd709f701e4bfab9ec36d466b9a43936778d438a520bc859fc012d3c0169,2a2fd1b0e80d4122104dff68323de7a497ccaf131153fc0037e938592a0f9d33,"{""bert_score_version"": ""0.3.13"", ""device"": ""cpu"", ""idf"": false, ""lang"": ""pt"", ""metrics_version"": ""1.0"", ""model"": ""xlm-roberta-base"", ""num_layers"": 9, ""rescale_with_baseline"": false, ""torch_version"": ""2.2.2"", ""transformers_version"": ""4.44.2""}",natural,0.9688768982887268,0.9650593400001526,0.9669643640518188
1.0,7c0dee939979842cb9174c0c032b260421ed41056cded2c93436cfa37b819a2a,153,6c4edd709f701e4bfab9ec36d466b9a43936778d438a520bc859fc012d3c0169,800355648882451b7000d24a9b8c7a9c5c110299ce8459ccdb877a195a27703f,"{""bert_score_version"": ""0.3.13"", ""device"": ""cpu"", ""idf"": false, ""lang"": ""pt"", ""metrics_version"": ""1.0"", ""model"": ""xlm-roberta-base"", ""num_layers"": 9, ""rescale_with_baseline"": false, ""torch_version"": ""2.2.2"", ""transformers_version"": ""4.44.2""}",strong,0.9422370791435242,0.9206269979476929,0.9313067197799683
1.0,7c0dee939979842cb9174c0c032b260421ed41056cded2c93436cfa37b819a2a,154,a0bc021f0249371bed9aa2f1349d8e4d437f6b8cd6a65f363c8ad5e3e965e498,ca3172475dd070888fe99269cb450a5c824c91fe6bd749f4d84bfe0027a20b86,"{""bert_score_version"": ""0.3.13"", ""device"": ""cpu"", ""idf"": false, ""lang"": ""pt"", ""metrics_version"": ""1.0"", ""model"": ""xlm-roberta-base"", ""num_layers"": 9, ""rescale_with_baseline"": false, ""torch_version"": ""2.2.2"", ""transformers_version"": ""4.44.2""}",natural,0.9634124636650085,0.95756596326828,0.9604803323745728
1.0,7c0dee939979842cb9174c0c032b260421ed41056cded2c93436cfa37b819a2a,154,a0bc021f0249371bed9aa2f1349d8e4d437f6b8cd6a65f363c8ad5e3e965e498,1aef318b407b861c035cab0aecc6f19b663c53b9cb13cbee112b93ebe99278fb,"{""bert_score_version"": ""0.3.13"", ""device"": ""cpu"", ""idf"": false, ""lang"": ""pt"", ""metrics_version"": ""1.0"", ""model"": ""xlm-roberta-base"", ""num_layers"": 9, ""rescale_with_baseline"": false, ""torch_version"": ""2.2.2"", ""transformers_version"": ""4.44.2""}",strong,0.947667121887207,0.9290885925292969,0.9382858872413635
1.0,7c0dee939979842cb9174c0c032b260421ed41056cded2c93436cfa37b819a2a,155,73b396cd1aa2168b85487b4edbecacd1a983bd1da8fa339bbe31937c8b4e5401,b119c6db9969940cdf5efdcbb8061cdec1e29c450f5a09923ce925381436034f,"{""bert_score_version"": ""0.3.13"", ""device"": ""cpu"", ""idf"": false, ""lang"": ""pt"", ""metrics_version"": ""1.0"", ""model"": ""xlm-roberta-base"", ""num_layers"": 9, ""rescale_with_baseline"": false, ""torch_version"": ""2.2.2"", ""transformers_version"": ""4.44.2""}",natural,0.9679162502288818,0.9554740190505981,0.9616549015045166
1.0,7c0dee939979842cb9174c0c032b260421ed41056cded2c93436cfa37b819a2a,155,73b396cd1aa2168b85487b4edbecacd1a983bd1da8fa339bbe31937c8b4e5401,5cbca4db90fe44513d37c2d7b92f177f22bbc29f47a58bffd50373324ea660ec,"{""bert_score_version"": ""0.3.13"", ""device"": ""cpu"", ""idf"": false, ""lang"": ""pt"", ""metrics_version"": ""1.0"", ""model"": ""xlm-roberta-base"", ""num_layers"": 9, ""rescale_with_baseline"": false, ""torch_version"": ""2.2.2"", ""transformers_version"": ""4.44.2""}",strong,0.9515862464904785,0.9269255995750427,0.939094066619873
1.0,7c0dee939979842cb9174c0c032b260421ed41056cded2c93436cfa37b819a2a,156,fbed03864c9d8efc16b06ad2325fc7347d09bf33ce18552c2e275f2d61f53827,753ef3861e1a0ce53e0ae5c81e82f64fc4e82194f41ad77ed44653f695df126b,"{""bert_score_version"": ""0.3.13"", ""device"": ""cpu"", ""idf"": false, ""lang"": ""pt"", ""metrics_version"": ""1.0"", ""model"": ""xlm-roberta-base"", ""num_layers"": 9, ""rescale_with_baseline"": false, ""torch_version"": ""2.2.2"", ""transformers_version"": ""4.44.2""}",natural,0.9508418440818787,0.9087169766426086,0.9293022751808167
1.0,7c0dee939979842cb9174c0c032b260421ed41056cded2c93436cfa37b819a2a,156,fbed03864c9d8efc16b06ad2325fc7347d09bf33ce18552c2e275f2d61f53827,af3cf9910ae6be4852373c2675f200cad60b6064e181f210f61ce38cf38cfb39,"{""bert_score_version"": ""0.3.13"", ""device"": ""cpu"", ""idf"": false, ""lang"": ""pt"", ""metrics_version"": ""1.0"", ""model"": ""xlm-roberta-base"", ""num_layers"": 9, ""rescale_with_baseline"": false, ""torch_version"": ""2.2.2"", ""transformers_version"": ""4.44.2""}",strong,0.9322668313980103,0.8789280652999878,0.9048120379447937
1.0,7c0dee939979842cb9174c0c032b260421ed41056cded2c93436cfa37b819a2a,157,65eaccfae0267856e2fd82c1176af6318c185c04ce942928c68b4c69575de389,a9ea772fe2c00bf23cb9e9bb419c27661f0eeb12100dcf481b8900a442000ed7,"{""bert_score_version"": ""0.3.13"", ""device"": ""cpu"", ""idf"": false, ""lang"": ""pt"", ""metrics_version"": ""1.0"", ""model"": ""xlm-roberta-base"", ""num_layers"": 9, ""rescale_with_baseline"": false, ""torch_version"": ""2.2.2"", ""transformers_version"": ""4.44.2""}",natural,0.9388909935951233,0.9323441982269287,0.9356061220169067
1.0,7c0dee939979842cb9174c0c032b260421ed41056cded2c93436cfa37b819a2a,157,65eaccfae0267856e2fd82c1176af6318c185c04ce942928c68b4c69575de389,7a4574b46dc017c9110a18d684b40b9d79e8a85656dbd96540adb7f7d1244111,"{""bert_score_version"": ""0.3.13"", ""device"": ""cpu"", ""idf"": false, ""lang"": ""pt"", ""metrics_version"": ""1.0"", ""model"": ""xlm-roberta-base"", ""num_layers"": 9, ""rescale_with_baseline"": false, ""torch_version"": ""2.2.2"", ""transformers_version"": ""4.44.2""}",strong,0.9065342545509338,0.8833646178245544,0.8947994709014893
1.0,7c0dee939979842cb9174c0c032b260421ed41056cded2c93436cfa37b819a2a,158,0fa085311690328434d36e50b9cf46aa78b4a0dfa0c28a52a33301cce0f619be,72ae7d5bbd9763d67b3ecbf8d831b7b44b8432ccea0423da882423175480495d,"{""bert_score_version"": ""0.3.13"", ""device"": ""cpu"", ""idf"": false, ""lang"": ""pt"", ""metrics_version"": ""1.0"", ""model"": ""xlm-roberta-base"", ""num_layers"": 9, ""rescale_with_baseline"": false, ""torch_version"": ""2.2.2"", ""transformers_version"": ""4.44.2""}",natural,0.982650101184845,0.9808598756790161,0.9817541241645813
1.0,7c0dee939979842cb9174c0c032b260421ed41056cded2c93436cfa37b819a2a,158,0fa085311690328434d36e50b9cf46aa78b4a0dfa0c28a52a33301cce0f619be,a779378eb38b6b2e166898703caf782ccb57179aaed054edfb8a6345d4dccace,"{""bert_score_version"": ""0.3.13"", ""device"": ""cpu"", ""idf"": false, ""lang"": ""pt"", ""metrics_version"": ""1.0"", ""model"": ""xlm-roberta-base"", ""num_layers"": 9, ""rescale_with_baseline"": false, ""torch_version"": ""2.2.2"", ""transformers_version"": ""4.44.2""}",strong,0.943172812461853,0.9215872287750244,0.9322550892829895
1.0,7c0dee939979842cb9174c0c032b260421ed41056cded2c93436cfa37b819a2a,159,cbe9afb7185b7100660bc902fa2733cb8c8d411defc75942b17e87d75649cc4e,1ad414a90c7ab2b1dd18a79133e446e27a7e06db059938a59ccc65668f692823,"{""bert_score_version"": ""0.3.13"", ""device"": ""cpu"", ""idf"": false, ""lang"": ""pt"", ""metrics_version"": ""1.0"", ""model"": ""xlm-roberta-base"", ""num_layers"": 9, ""rescale_with_baseline"": false, ""torch_version"": ""2.2.2"", ""transformers_version"": ""4.44.2""}",natural,0.9679446816444397,0.9657652974128723,0.9668537378311157
1.0,7c0dee939979842cb9174c0c032b260421ed41056cded2c93436cfa37b819a2a,159,cbe9afb7185b7100660bc902fa2733cb8c8d411defc75942b17e87d75649cc4e,5f48e1b2ddd9d5c2bd772acdb6352218cd687395868a39bf24cc8c99dee904f5,"{""bert_score_version"": ""0.3.13"", ""device"": ""cpu"", ""idf"": false, ""lang"": ""pt"", ""metrics_version"": ""1.0"", ""model"": ""xlm-roberta-base"", ""num_layers"": 9, ""rescale_with_baseline"": false, ""torch_version"": ""2.2.2"", ""transformers_version"": ""4.44.2""}",strong,0.9154871702194214,0.9098349213600159,0.9126522541046143
1.0,7c0dee939979842cb9174c0c032b260421ed41056cded2c93436cfa37b819a2a,160,756b9ed5e8d757ce90a507ffa44af5c338063c8d6ea33c9f19b32e3858d91855,eda1fcfe6500509f0829dc55e5f6e118fb7c75b19f089fca1da5ad8c4b0edc8a,"{""bert_score_version"": ""0.3.13"", ""device"": ""cpu"", ""idf"": false, ""lang"": ""pt"", ""metrics_version"": ""1.0"", ""model"": ""xlm-roberta-base"", ""num_layers"": 9, ""rescale_with_baseline"": false, ""torch_version"": ""2.2.2"", ""transformers_version"": ""4.44.2""}",natural,0.9508832097053528,0.9475166201591492,0.9491969347000122
1.0,7c0dee939979842cb9174c0c032b260421ed41056cded2c93436cfa37b819a2a,160,756b9ed5e8d757ce90a507ffa44af5c338063c8d6ea33c9f19b32e3858d91855,e19fe9ca36aaf15d5a069550aa85fbefaabe85e906102ed34407eca7d4f2b20c,"{""bert_score_version"": ""0.3.13"", ""device"": ""cpu"", ""idf"": false, ""lang"": ""pt"", ""metrics_version"": ""1.0"", ""model"": ""xlm-roberta-base"", ""num_layers"": 9, ""rescale_with_baseline"": false, ""torch_version"": ""2.2.2"", ""transformers_version"": ""4.44.2""}",strong,0.9201682209968567,0.9094300270080566,0.9147676229476929
1.0,7c0dee939979842cb9174c0c032b260421ed41056cded2c93436cfa37b819a2a,161,41b4a6cfaeee8e17a74663e39fd379d1952f916c7dd4b75f38b251c4741b0475,722b97affd1d61c497d799e78af434942ccf60b85b64d105b47e2c49d9bb728a,"{""bert_score_version"": ""0.3.13"", ""device"": ""cpu"", ""idf"": false, ""lang"": ""pt"", ""metrics_version"": ""1.0"", ""model"": ""xlm-roberta-base"", ""num_layers"": 9, ""rescale_with_baseline"": false, ""torch_version"": ""2.2.2"", ""transformers_version"": ""4.44.2""}",natural,0.9464567303657532,0.9426751136779785,0.9445621371269226
1.0,7c0dee939979842cb9174c0c032b260421ed41056cded2c93436cfa37b819a2a,161,41b4a6cfaeee8e17a74663e39fd379d1952f916c7dd4b75f38b251c4741b0475,e66e02fd668f5030777c85ed9155761b757db8f1c9d121119e0276e819681d65,"{""bert_score_version"": ""0.3.13"", ""device"": ""cpu"", ""idf"": false, ""lang"": ""pt"", ""metrics_version"": ""1.0"", ""model"": ""xlm-roberta-base"", ""num_layers"": 9, ""rescale_with_baseline"": false, ""torch_version"": ""2.2.2"", ""transformers_version"": ""4.44.2""}",strong,0.9151880741119385,0.8960399031639099,0.9055127501487732
1.0,7c0dee939979842cb9174c0c032b260421ed41056cded2c93436cfa37b819a2a,162,8fbba08d1956ee3f6b6bc2a4062f0178ee729b777fe18933a294fb2c0f5109b5,d241ab6f794c6eb00ee3e608254c816bb9cc5f1eaa4f7061405b364f4ee100fb,"{""bert_score_version"": ""0.3.13"", ""device"": ""cpu"", ""idf"": false, ""lang"": ""pt"", ""metrics_version"": ""1.0"", ""model"": ""xlm-roberta-base"", ""num_layers"": 9, ""rescale_with_baseline"": false, ""torch_version"": ""2.2.2"", ""transformers_version"": ""4.44.2""}",natural,0.9409798383712769,0.9331274628639221,0.9370371699333191
1.0,7c0dee939979842cb9174c0c032b260421ed41056cded2c93436cfa37b819a2a,162,8fbba08d1956ee3f6b6bc2a4062f0178ee729b777fe18933a294fb2c0f5109b5,775e04a9f471dcf7e072797555b4a8f329c6848ff67e7b7c67398d59c34908b0,"{""bert_score_version"": ""0.3.13"", ""device"": ""cpu"", ""idf"": false, ""lang"": ""pt"", ""metrics_version"": ""1.0"", ""model"": ""xlm-roberta-base"", ""num_layers"": 9, ""rescale_with_baseline"": false, ""torch_version"": ""2.2.2"", ""transformers_version"": ""4.44.2""}",strong,0.9110420942306519,0.8947878479957581,0.9028418064117432
1.0,7c0dee939979842cb9174c0c032b260421ed41056cded2c93436cfa37b819a2a,163,5b15b1c227a89fd1284ec72b25bff601b99fe372556fab31552a0e4cbd18b942,ca089bdac1d530dce937c5e534b2bc33c35aa4064d9b954b0b680c61e4fcd67f,"{""bert_score_version"": ""0.3.13"", ""device"": ""cpu"", ""idf"": false, ""lang"": ""pt"", ""metrics_version"": ""1.0"", ""model"": ""xlm-roberta-base"", ""num_layers"": 9, ""rescale_with_baseline"": false, ""torch_version"": ""2.2.2"", ""transformers_version"": ""4.44.2""}",natural,0.9429234266281128,0.937423050403595,0.9401651620864868
1.0,7c0dee939979842cb9174c0c032b260421ed41056cded2c93436cfa37b819a2a,163,5b15b1c227a89fd1284ec72b25bff601b99fe372556fab31552a0e4cbd18b942,4c3367ee43b6691fc142d52972b15cdb4dc8719eb690699a164ab16fc6cb8ef5,"{""bert_score_version"": ""0.3.13"", ""device"": ""cpu"", ""idf"": false, ""lang"": ""pt"", ""metrics_version"": ""1.0"", ""model"": ""xlm-roberta-base"", ""num_layers"": 9, ""rescale_with_baseline"": false, ""torch_version"": ""2.2.2"", ""transformers_version"": ""4.44.2""}",strong,0.9102566242218018,0.9007588624954224,0.905482828617096
1.0,7c0dee939979842cb9174c0c032b260421ed41056cded2c93436cfa37b819a2a,164,e86975339a59d31f277d55b1cf3b91e43d466c9ba25a9014385bc0301be3f3ff,b62f820d1e1d47674d4f253230ede44ed273c7068031a65678e2cbb7495b6c47,"{""bert_score_version"": ""0.3.13"", ""device"": ""cpu"", ""idf"": false, ""lang"": ""pt"", ""metrics_version"": ""1.0"", ""model"": ""xlm-roberta-base"", ""num_layers"": 9, ""rescale_with_baseline"": false, ""torch_version"": ""2.2.2"", ""transformers_version"": ""4.44.2""}",natural,0.9568642973899841,0.9477977752685547,0.9523094296455383
1.0,7c0dee939979842cb9174c0c032b260421ed41056cded2c93436cfa37b819a2a,164,e86975339a59d31f277d55b1cf3b91e43d466c9ba25a9014385bc0301be3f3ff,61e3015aa3ae4dd14872c8d643aafe27274ea428e13a1c43fcf264e121b5e211,"{""bert_score_version"": ""0.3.13"", ""device"": ""cpu"", ""idf"": false, ""lang"": ""pt"", ""metrics_version"": ""1.0"", ""model"": ""xlm-roberta-base"", ""num_layers"": 9, ""rescale_with_baseline"": false, ""torch_version"": ""2.2.2"", ""transformers_version"": ""4.44.2""}",strong,0.908951461315155,0.8936528563499451,0.9012372493743896
1.0,7c0dee939979842cb9174c0c032b260421ed41056cded2c93436cfa37b819a2a,165,d95e16f22d9345607afcbfcc32c31dded47f7039dc15f07923b9ff943270568e,9b2da95a47bbf87ae64e721cc02b484e5abc2b05ff5fc7ea0a2215ac431d4e47,"{""bert_score_version"": ""0.3.13"", ""device"": ""cpu"", ""idf"": false, ""lang"": ""pt"", ""metrics_version"": ""1.0"", ""model"": ""xlm-roberta-base"", ""num_layers"": 9, ""rescale_with_baseline"": false, ""torch_version"": ""2.2.2"", ""transformers_version"": ""4.44.2""}",natural,0.9559359550476074,0.9511892199516296,0.9535565972328186
1.0,7c0dee939979842cb9174c0c032b260421ed41056cded2c93436cfa37b819a2a,165,d95e16f22d9345607afcbfcc32c31dded47f7039dc15f07923b9ff943270568e,45fb3223d37aab30d760c43513147a0efed3366e5697129c385af86000eb3566,"{""bert_score_version"": ""0.3.13"", ""device"": ""cpu"", ""idf"": false, ""lang"": ""pt"", ""metrics_version"": ""1.0"", ""model"": ""xlm-roberta-base"", ""num_layers"": 9, ""rescale_with_baseline"": false, ""torch_version"": ""2.2.2"", ""transformers_version"": ""4.44.2""}",strong,0.9034616947174072,0.8969477415084839,0.90019291639328
